{
    "TransportData": [
    ],
    "NpcsTimers": [
    ],
    "FactionData": [
        {
            "Points": 2000,
            "Faction": 0
        }
    ],
    "BankData": [
    ],
    "ItemGiversList": [
    ],
    "QuestData": {
        "CompletedQuests": [
        ],
        "ActiveQuests": [
        ]
    },
    "PlayerCompanionId": 0,
    "DialogData": [
        {
            "Dialog": 4
        }
    ],
    "ItemGiverChained": [
    ],
    "MailData": [
    ],
    "PlayerName": "brautv",
    "UUID": "fcc91de7-07eb-33e5-a2a3-247ef8aaaeef",
    "ScriptStoreddata": {
    }
}
