{"stats":{"minecraft:custom":{"minecraft:time_since_rest":44873,"minecraft:sprint_one_cm":54968,"minecraft:walk_one_cm":193893,"minecraft:mob_kills":3,"minecraft:drop":5,"minecraft:damage_dealt":909,"minecraft:interact_with_beacon":2,"minecraft:player_kills":1,"minecraft:fly_one_cm":507628,"minecraft:crouch_one_cm":3125,"minecraft:play_time":53789,"tombstone:undead_killed":1,"minecraft:deaths":1,"minecraft:sneak_time":1380,"minecraft:walk_under_water_one_cm":575,"minecraft:jump":330,"minecraft:walk_on_water_one_cm":1690,"minecraft:time_since_death":44842,"minecraft:total_world_time":53789},"minecraft:used":{"minecraft:calcite":1,"minecraft:oak_log":49,"rechiseled:glowstone_small_tiles_connecting":65,"minecraft:water_bucket":20,"minecraft:netherite_block":35,"minecraft:netherite_sword":2,"minecraft:sea_lantern":118,"minecraft:end_rod":1,"supplementaries:globe_sepia":2,"minecraft:flint_and_steel":1,"twilightforest:cracked_castle_brick":98,"minecraft:grass_block":35,"minecraft:iron_block":1,"minecraft:infested_stone":31,"biomesoplenty:pink_cherry_leaves":54,"carryon:entity_item":1,"untamedwilds:spawn_tortoise":1,"minecraft:beacon":6,"biomesoplenty:jacaranda_log":201,"minecraft:oak_leaves":9,"minecraft:glowstone":77,"minecraft:diamond_block":8,"minecraft:wooden_sword":16,"minecraft:dirt":108,"twilightforest:mossy_castle_brick":1,"minecraft:end_portal_frame":12,"minecraft:wither_rose":1,"minecraft:chiseled_quartz_block":6,"minecraft:bone_meal":9,"rechiseled:glowstone_smooth_connecting":8,"minecraft:polished_diorite":1,"minecraft:dark_oak_sapling":5,"minecraft:green_stained_glass":2},"minecraft:dropped":{"minecraft:diamond":5},"minecraft:killed":{"minecraft:zombie":1,"untamedwilds:bison":1,"minecraft:spider":1},"minecraft:picked_up":{"minecraft:stick":1,"minecraft:azure_bluet":3,"minecraft:leather":3,"minecraft:string":2,"untamedwilds:spawn_tortoise":2,"minecraft:bone":4,"minecraft:rotten_flesh":2,"minecraft:diamond":4,"untamedwilds:material_fat":2,"minecraft:wheat_seeds":2}},"DataVersion":2975}