{"stats":{"minecraft:custom":{"minecraft:mob_kills":10,"minecraft:leave_game":1,"minecraft:time_since_death":19908,"minecraft:climb_one_cm":747,"minecraft:time_since_rest":19940,"minecraft:sprint_one_cm":108255,"minecraft:walk_one_cm":402561,"minecraft:drop":17,"minecraft:damage_dealt":2617,"minecraft:interact_with_beacon":22,"minecraft:talked_to_villager":1,"minecraft:fly_one_cm":908875,"minecraft:player_kills":1,"minecraft:open_chest":1,"minecraft:crouch_one_cm":6024,"minecraft:play_time":110223,"tombstone:undead_killed":4,"minecraft:deaths":2,"minecraft:sneak_time":2139,"minecraft:walk_under_water_one_cm":575,"tombstone:villager_killed":1,"minecraft:jump":739,"minecraft:walk_on_water_one_cm":20978,"minecraft:total_world_time":110223},"minecraft:crafted":{"tombstone:grave_key":1},"minecraft:picked_up":{"minecraft:azure_bluet":3,"minecraft:leather":7,"minecraft:string":4,"untamedwilds:food_turtle_raw":1,"untamedwilds:spawn_tortoise":2,"minecraft:bone":12,"untamedwilds:material_fat":6,"minecraft:wheat_seeds":4,"arka_items:silverarkacoin":1,"minecraft:stick":1,"minecraft:rotten_flesh":3,"minecraft:arrow":2,"minecraft:diamond":4,"minecraft:end_rod":1},"minecraft:killed":{"minecraft:spider":2,"minecraft:skeleton":1,"untamedwilds:tortoise":1,"minecraft:zombie":3,"untamedwilds:bison":1,"minecraft:villager":1},"minecraft:dropped":{"aquaculture:neptunium_shovel":1,"aquaculture:neptunium_bow":1,"minecraft:diamond":5,"untamedwilds:food_turtle_raw":1,"aquaculture:neptunium_sword":1,"aquaculture:neptunium_boots":1,"aquaculture:neptunium_axe":1,"aquaculture:neptunium_chestplate":1,"aquaculture:neptunium_helmet":1,"minecraft:arrow":1,"aquaculture:neptunium_pickaxe":1,"aquaculture:neptunium_hoe":1,"aquaculture:neptunium_leggings":1},"minecraft:used":{"minecraft:calcite":1,"mca:male_villager_spawn_egg":4,"minecraft:water_bucket":61,"minecraft:netherite_sword":22,"minecraft:end_rod":122,"minecraft:flint_and_steel":1,"minecraft:infested_stone":31,"twilightforest:cracked_castle_brick":98,"biomesoplenty:pink_cherry_leaves":134,"minecraft:netherite_chestplate":1,"modernlife:old_tv":2,"untamedwilds:spawn_tortoise":1,"minecraft:stone":16,"minecraft:zombie_spawn_egg":2,"quark:indigo_corundum_cluster":3,"minecraft:beacon":10,"mcwlights:oak_ceiling_fan_light":7,"quark:red_blossom_leaves":61,"minecraft:oak_leaves":9,"quark:blue_corundum_cluster":2,"minecraft:diamond_block":8,"minecraft:dirt":108,"aquaculture:neptunes_bounty":2,"mca:female_villager_spawn_egg":3,"minecraft:chiseled_quartz_block":6,"minecraft:light_blue_stained_glass":2,"minecraft:polished_diorite":1,"minecraft:oak_log":49,"minecraft:purple_stained_glass":5,"minecraft:netherite_block":254,"rechiseled:glowstone_small_tiles_connecting":65,"minecraft:sea_lantern":118,"a_man_with_plushies:creeper_plush":1,"minecraft:villager_spawn_egg":1,"supplementaries:globe_sepia":2,"minecraft:iron_block":1,"quark:yellow_corundum_cluster":3,"minecraft:grass_block":35,"carryon:entity_item":1,"quark:green_corundum_cluster":3,"quark:violet_corundum_cluster":2,"biomesoplenty:jacaranda_log":203,"aquaculture:diamond_fishing_rod":3,"minecraft:flowering_azalea_leaves":4,"minecraft:glowstone":77,"minecraft:wooden_sword":16,"biomesoplenty:rose_quartz_block":13,"minecraft:wither_rose":1,"twilightforest:mossy_castle_brick":1,"minecraft:pink_stained_glass":16,"minecraft:end_portal_frame":12,"supplementaries:statue":2,"minecraft:bone_meal":9,"rechiseled:glowstone_smooth_connecting":14,"minecraft:green_stained_glass":2,"minecraft:dark_oak_sapling":5}},"DataVersion":2975}