{"stats":{"minecraft:custom":{"minecraft:time_since_rest":8873,"minecraft:crouch_one_cm":675,"minecraft:play_time":17789,"minecraft:sprint_one_cm":16549,"minecraft:walk_one_cm":23381,"minecraft:deaths":1,"minecraft:sneak_time":250,"minecraft:mob_kills":1,"minecraft:drop":5,"minecraft:jump":123,"minecraft:damage_dealt":604,"minecraft:time_since_death":8842,"minecraft:total_world_time":17789,"minecraft:fly_one_cm":157517,"minecraft:player_kills":1},"minecraft:used":{"minecraft:wooden_sword":16,"supplementaries:globe_sepia":2,"minecraft:flint_and_steel":1,"minecraft:infested_stone":20,"minecraft:grass_block":4,"carryon:entity_item":1,"minecraft:wither_rose":1,"minecraft:bone_meal":9,"minecraft:dark_oak_sapling":5},"minecraft:dropped":{"minecraft:diamond":5},"minecraft:killed":{"untamedwilds:bison":1},"minecraft:picked_up":{"minecraft:bone":4,"minecraft:diamond":4,"untamedwilds:material_fat":2,"minecraft:leather":3}},"DataVersion":2975}