{"stats":{"minecraft:custom":{"minecraft:time_since_rest":20873,"minecraft:sprint_one_cm":26767,"minecraft:walk_one_cm":71328,"minecraft:mob_kills":3,"minecraft:drop":5,"minecraft:damage_dealt":891,"minecraft:interact_with_beacon":2,"minecraft:player_kills":1,"minecraft:fly_one_cm":228691,"minecraft:crouch_one_cm":1646,"minecraft:play_time":29789,"tombstone:undead_killed":1,"minecraft:deaths":1,"minecraft:sneak_time":518,"minecraft:walk_under_water_one_cm":575,"minecraft:jump":210,"minecraft:walk_on_water_one_cm":355,"minecraft:time_since_death":20842,"minecraft:total_world_time":29789},"minecraft:used":{"minecraft:calcite":1,"minecraft:oak_log":49,"minecraft:netherite_block":35,"minecraft:netherite_sword":2,"supplementaries:globe_sepia":2,"minecraft:flint_and_steel":1,"minecraft:grass_block":4,"minecraft:iron_block":1,"minecraft:infested_stone":31,"carryon:entity_item":1,"minecraft:beacon":5,"biomesoplenty:jacaranda_log":3,"minecraft:oak_leaves":9,"minecraft:wooden_sword":16,"minecraft:dirt":108,"twilightforest:mossy_castle_brick":1,"minecraft:wither_rose":1,"minecraft:chiseled_quartz_block":6,"minecraft:bone_meal":9,"minecraft:polished_diorite":1,"minecraft:dark_oak_sapling":5,"minecraft:green_stained_glass":2},"minecraft:dropped":{"minecraft:diamond":5},"minecraft:killed":{"minecraft:zombie":1,"untamedwilds:bison":1,"minecraft:spider":1},"minecraft:picked_up":{"minecraft:stick":1,"minecraft:azure_bluet":1,"minecraft:leather":3,"minecraft:string":2,"minecraft:bone":4,"minecraft:rotten_flesh":2,"minecraft:diamond":4,"untamedwilds:material_fat":2}},"DataVersion":2975}