{"stats":{"minecraft:custom":{"minecraft:time_since_rest":68873,"minecraft:sprint_one_cm":71085,"minecraft:walk_one_cm":323939,"minecraft:mob_kills":4,"minecraft:drop":5,"minecraft:damage_dealt":1109,"minecraft:interact_with_beacon":22,"minecraft:player_kills":1,"minecraft:fly_one_cm":744220,"minecraft:crouch_one_cm":4331,"minecraft:play_time":77789,"tombstone:undead_killed":1,"minecraft:deaths":1,"minecraft:sneak_time":1717,"minecraft:walk_under_water_one_cm":575,"tombstone:villager_killed":1,"minecraft:jump":505,"minecraft:walk_on_water_one_cm":9143,"minecraft:time_since_death":68842,"minecraft:climb_one_cm":666,"minecraft:total_world_time":77789},"minecraft:used":{"minecraft:purple_stained_glass":5,"minecraft:calcite":1,"minecraft:oak_log":49,"rechiseled:glowstone_small_tiles_connecting":65,"minecraft:water_bucket":61,"minecraft:netherite_block":254,"minecraft:netherite_sword":3,"minecraft:sea_lantern":118,"minecraft:end_rod":86,"minecraft:villager_spawn_egg":1,"supplementaries:globe_sepia":2,"minecraft:flint_and_steel":1,"quark:yellow_corundum_cluster":3,"twilightforest:cracked_castle_brick":98,"minecraft:grass_block":35,"minecraft:iron_block":1,"minecraft:infested_stone":31,"biomesoplenty:pink_cherry_leaves":134,"carryon:entity_item":1,"quark:green_corundum_cluster":3,"minecraft:stone":16,"untamedwilds:spawn_tortoise":1,"quark:violet_corundum_cluster":2,"quark:indigo_corundum_cluster":3,"minecraft:beacon":10,"biomesoplenty:jacaranda_log":201,"minecraft:flowering_azalea_leaves":4,"quark:blue_corundum_cluster":2,"quark:red_blossom_leaves":61,"minecraft:oak_leaves":9,"minecraft:glowstone":77,"minecraft:diamond_block":8,"minecraft:wooden_sword":16,"minecraft:dirt":108,"biomesoplenty:rose_quartz_block":9,"minecraft:pink_stained_glass":16,"twilightforest:mossy_castle_brick":1,"minecraft:end_portal_frame":12,"minecraft:wither_rose":1,"minecraft:chiseled_quartz_block":6,"minecraft:light_blue_stained_glass":2,"minecraft:bone_meal":9,"rechiseled:glowstone_smooth_connecting":14,"minecraft:polished_diorite":1,"minecraft:dark_oak_sapling":5,"minecraft:green_stained_glass":2},"minecraft:dropped":{"minecraft:diamond":5},"minecraft:killed":{"minecraft:zombie":1,"untamedwilds:bison":1,"minecraft:spider":1,"minecraft:villager":1},"minecraft:picked_up":{"minecraft:stick":1,"minecraft:azure_bluet":3,"minecraft:leather":3,"minecraft:string":2,"untamedwilds:spawn_tortoise":2,"minecraft:bone":4,"minecraft:rotten_flesh":2,"minecraft:diamond":4,"untamedwilds:material_fat":2,"minecraft:wheat_seeds":4}},"DataVersion":2975}