{"stats":{"minecraft:picked_up":{"minecraft:stick":9,"untamedwilds:flora_canola":1,"pamhc2crops:alfalfaitem":1,"minecraft:spruce_log":9,"minecraft:lantern":1,"minecraft:wheat_seeds":1,"minecraft:bread":1,"neapolitan:strawberry_pips":1},"minecraft:custom":{"minecraft:time_since_rest":162793,"minecraft:sprint_one_cm":42350,"minecraft:damage_taken":305,"minecraft:walk_one_cm":388736,"minecraft:drop":2,"minecraft:damage_dealt":45,"minecraft:fly_one_cm":1696209,"minecraft:crouch_one_cm":15542,"minecraft:play_time":162793,"minecraft:sneak_time":6167,"minecraft:walk_under_water_one_cm":4476,"minecraft:jump":285,"minecraft:leave_game":4,"minecraft:time_since_death":162793,"minecraft:walk_on_water_one_cm":4194,"minecraft:total_world_time":162793,"minecraft:climb_one_cm":356,"minecraft:damage_resisted":77},"minecraft:used":{"minecraft:stone_brick_slab":8,"minecraft:dark_oak_stairs":38,"minecraft:stripped_dark_oak_wood":92,"minecraft:cobblestone_stairs":9,"minecraft:red_wool":62,"minecraft:lantern":11,"minecraft:grass_block":50,"minecraft:bread":1,"quark:framed_glass_pane":16,"quark:dark_oak_post":13,"carryon:entity_item":2,"minecraft:spruce_planks":16,"minecraft:stone":5,"minecraft:red_terracotta":15,"minecraft:dark_oak_slab":5,"silentgear:stone_torch":7,"customnpcs:npcwand":1,"minecraft:stone_brick_stairs":15,"minecraft:stone_bricks":18,"minecraft:yellow_wool":25,"minecraft:dark_oak_trapdoor":10,"minecraft:cobblestone":2,"minecraft:yellow_terracotta":2,"minecraft:dark_oak_fence":7,"minecraft:light_blue_wool":7,"mcwdoors:dark_oak_cottage_door":2,"minecraft:andesite":58,"mcwroofs:light_gray_roof_slab":33,"minecraft:orange_wool":2,"dynamictrees:oak_branch":6,"minecraft:dark_oak_fence_gate":18,"minecraft:stone_brick_wall":14,"minecraft:spruce_fence":3},"minecraft:dropped":{"minecraft:bread":2}},"DataVersion":2975}