{"stats":{"minecraft:picked_up":{"modernlife:refrigerator":1,"untamedwilds:flora_canola":1,"minecraft:lily_pad":6,"supplementaries:candle_holder_red":4,"modernlife:bathtub":1,"biomesoplenty:rose_quartz_shard":16,"aquaculture:muskellunge":1,"minecraft:lantern":9,"mcwdoors:dark_oak_cottage_door":3,"minecraft:wheat_seeds":1,"minecraft:orange_tulip":1,"minecraft:rose_bush":6,"minecraft:iron_pickaxe":2,"mcwdoors:spruce_barn_door":1,"minecraft:iron_sword":2,"neapolitan:strawberry_pips":2,"minecraft:stick":21,"silentgear:stone_torch":3,"pamhc2crops:alfalfaitem":1,"mcwdoors:spruce_western_door":4,"minecraft:spruce_log":9,"pamhc2crops:chilipepperitem":1,"minecraft:bread":1,"minecraft:sunflower":5},"minecraft:dropped":{"minecraft:bread":2,"minecraft:iron_pickaxe":1},"minecraft:mined":{"minecraft:deepslate_diamond_ore":1},"minecraft:used":{"minecraft:deepslate_brick_wall":8,"minecraft:dark_oak_stairs":52,"mcwbridges:spruce_log_bridge_stair":13,"fantasyfurniture:decorations/venthyr_tea_set":1,"minecraft:cobblestone_stairs":9,"minecraft:polished_deepslate":2,"farmersdelight:skillet":1,"fantasyfurniture:dunmer/painting_wide":2,"mcwbridges:spruce_log_bridge_middle":23,"quark:white_framed_glass_pane":1,"twilightforest:cracked_castle_brick":61,"quark:framed_glass_pane":16,"quark:dark_oak_post":13,"fantasyfurniture:nordic/counter":7,"minecraft:light_blue_terracotta":51,"minecraft:spruce_planks":16,"farmersdelight:stove":2,"fantasyfurniture:decorations/venthyr_tomes":5,"minecraft:stone":7,"fantasyfurniture:nordic/desk_left":2,"create:cut_andesite_stairs":12,"minecraft:cobblestone_slab":14,"customnpcs:npcwand":7,"framedblocks:framed_wall":2,"quark:red_blossom_leaves":14,"minecraft:debug_stick":32,"minecraft:dark_oak_trapdoor":10,"minecraft:dirt":1,"minecraft:yellow_terracotta":2,"fantasyfurniture:nordic/cushion":2,"farmersdelight:carrot_crate":1,"minecraft:light_blue_wool":7,"mcwdoors:dark_oak_cottage_door":2,"minecraft:orange_wool":2,"minecraft:deepslate_brick_slab":46,"mcwroofs:light_gray_roof_slab":33,"minecraft:dark_oak_fence_gate":18,"minecraft:stone_brick_wall":34,"minecraft:spruce_fence":3,"minecraft:deepslate_brick_stairs":59,"fantasyfurniture:decorations/venthyr_food_0":1,"minecraft:dark_oak_planks":7,"minecraft:stone_brick_slab":55,"farmersdelight:oak_cabinet":7,"create:polished_cut_andesite_slab":11,"minecraft:sea_lantern":1,"fantasyfurniture:decorations/venthyr_food_1":1,"minecraft:stripped_dark_oak_wood":105,"fantasyfurniture:decorations/nordic_mead_bottles":3,"minecraft:red_wool":230,"fantasyfurniture:nordic/bookshelf":1,"minecraft:lantern":22,"minecraft:grass_block":435,"minecraft:bread":1,"minecraft:iron_pickaxe":1,"carryon:entity_item":4,"minecraft:stone_slab":12,"framedblocks:framed_panel":7,"minecraft:red_terracotta":15,"minecraft:dark_oak_slab":9,"modernlife:refrigerator":1,"mcwdoors:dark_oak_barn_door":1,"silentgear:stone_torch":7,"biomesoplenty:jacaranda_log":10,"minecraft:stone_brick_stairs":33,"minecraft:stone_bricks":54,"minecraft:yellow_wool":25,"farmersdelight:canvas_rug":7,"fantasyfurniture:nordic/lockbox":1,"mcwdoors:spruce_western_door":1,"create:andesite_pillar":107,"fantasyfurniture:decorations/bolts_of_cloth":2,"fantasyfurniture:decorations/venthyr_banner":7,"fantasyfurniture:nordic/chandelier":5,"minecraft:cobblestone":2,"fantasyfurniture:nordic/bed_single":1,"fantasyfurniture:nordic/chest":3,"fantasyfurniture:venthyr/sofa":5,"mcwlights:classic_street_lamp":35,"minecraft:dark_oak_fence":7,"farmersdelight:spruce_cabinet":6,"farmersdelight:cooking_pot":1,"minecraft:andesite":58,"minecraft:pink_stained_glass":1,"dynamictrees:oak_branch":6,"supplementaries:statue":3,"fantasyfurniture:decorations/stackable_pumpkins":3,"fantasyfurniture:dunmer/wardrobe_top":1,"fantasyfurniture:decorations/venthyr_tea_cups":2,"customnpcs:npcmobcloner":6,"framedblocks:framed_trapdoor":27,"farmersdelight:potato_crate":3},"minecraft:custom":{"minecraft:leave_game":6,"minecraft:time_since_death":357164,"minecraft:climb_one_cm":356,"minecraft:damage_resisted":77,"minecraft:time_since_rest":357164,"minecraft:sprint_one_cm":97558,"minecraft:walk_one_cm":844324,"minecraft:damage_taken":305,"minecraft:drop":3,"minecraft:damage_dealt":85,"minecraft:fly_one_cm":4481562,"minecraft:crouch_one_cm":51041,"minecraft:play_time":357164,"minecraft:sneak_time":19078,"minecraft:walk_under_water_one_cm":11258,"minecraft:jump":620,"minecraft:walk_on_water_one_cm":19566,"minecraft:total_world_time":357164}},"DataVersion":2975}