{"stats":{"minecraft:picked_up":{"minecraft:wheat_seeds":1,"untamedwilds:flora_canola":1,"pamhc2crops:alfalfaitem":1,"minecraft:bread":1,"neapolitan:strawberry_pips":1},"minecraft:custom":{"minecraft:time_since_rest":30500,"minecraft:crouch_one_cm":2749,"minecraft:sprint_one_cm":5614,"minecraft:play_time":30500,"minecraft:damage_taken":305,"minecraft:walk_one_cm":75956,"minecraft:sneak_time":888,"minecraft:drop":2,"minecraft:jump":75,"minecraft:damage_dealt":45,"minecraft:leave_game":1,"minecraft:walk_on_water_one_cm":2854,"minecraft:time_since_death":30500,"minecraft:total_world_time":30500,"minecraft:damage_resisted":77,"minecraft:fly_one_cm":285270},"minecraft:used":{"minecraft:bread":1,"minecraft:grass_block":29,"minecraft:red_terracotta":3},"minecraft:dropped":{"minecraft:bread":2}},"DataVersion":2975}