{"stats":{"minecraft:picked_up":{"minecraft:stick":2,"minecraft:wheat_seeds":1,"untamedwilds:flora_canola":1,"pamhc2crops:alfalfaitem":1,"minecraft:bread":1,"neapolitan:strawberry_pips":1,"minecraft:lantern":1},"minecraft:custom":{"minecraft:time_since_rest":56617,"minecraft:crouch_one_cm":7645,"minecraft:sprint_one_cm":12091,"minecraft:play_time":56617,"minecraft:damage_taken":305,"minecraft:walk_one_cm":127195,"minecraft:sneak_time":2582,"minecraft:drop":2,"minecraft:jump":148,"minecraft:damage_dealt":45,"minecraft:leave_game":2,"minecraft:walk_on_water_one_cm":2909,"minecraft:time_since_death":56617,"minecraft:climb_one_cm":356,"minecraft:total_world_time":56617,"minecraft:damage_resisted":77,"minecraft:fly_one_cm":980447},"minecraft:used":{"minecraft:stone_brick_stairs":2,"minecraft:cobblestone":2,"minecraft:lantern":2,"minecraft:grass_block":37,"minecraft:bread":1,"dynamictrees:oak_branch":6,"minecraft:stone_brick_wall":3,"minecraft:stone":5,"minecraft:red_terracotta":15,"minecraft:spruce_fence":3},"minecraft:dropped":{"minecraft:bread":2}},"DataVersion":2975}