{"stats":{"minecraft:picked_up":{"minecraft:stick":9,"untamedwilds:flora_canola":1,"pamhc2crops:alfalfaitem":1,"minecraft:spruce_log":9,"minecraft:lantern":1,"minecraft:wheat_seeds":1,"minecraft:bread":1,"neapolitan:strawberry_pips":1},"minecraft:custom":{"minecraft:time_since_rest":116617,"minecraft:sprint_one_cm":30357,"minecraft:damage_taken":305,"minecraft:walk_one_cm":246147,"minecraft:drop":2,"minecraft:damage_dealt":45,"minecraft:fly_one_cm":1564286,"minecraft:crouch_one_cm":12067,"minecraft:play_time":116617,"minecraft:sneak_time":5265,"minecraft:walk_under_water_one_cm":4476,"minecraft:jump":227,"minecraft:leave_game":2,"minecraft:time_since_death":116617,"minecraft:walk_on_water_one_cm":4194,"minecraft:total_world_time":116617,"minecraft:climb_one_cm":356,"minecraft:damage_resisted":77},"minecraft:used":{"minecraft:stone_brick_slab":8,"minecraft:dark_oak_stairs":38,"minecraft:stripped_dark_oak_wood":61,"minecraft:cobblestone_stairs":3,"minecraft:red_wool":62,"minecraft:lantern":2,"minecraft:grass_block":50,"minecraft:bread":1,"minecraft:red_terracotta":15,"minecraft:stone":5,"minecraft:dark_oak_slab":3,"minecraft:stone_brick_stairs":10,"minecraft:stone_bricks":15,"minecraft:yellow_wool":25,"minecraft:dark_oak_trapdoor":10,"minecraft:cobblestone":2,"minecraft:yellow_terracotta":2,"minecraft:dark_oak_fence":5,"minecraft:light_blue_wool":7,"minecraft:andesite":58,"minecraft:orange_wool":2,"dynamictrees:oak_branch":6,"minecraft:stone_brick_wall":12,"minecraft:spruce_fence":3},"minecraft:dropped":{"minecraft:bread":2}},"DataVersion":2975}