{"stats":{"minecraft:picked_up":{"minecraft:stick":9,"minecraft:wheat_seeds":1,"untamedwilds:flora_canola":1,"pamhc2crops:alfalfaitem":1,"minecraft:spruce_log":9,"minecraft:bread":1,"neapolitan:strawberry_pips":1,"minecraft:lantern":1},"minecraft:custom":{"minecraft:time_since_rest":80617,"minecraft:crouch_one_cm":9975,"minecraft:sprint_one_cm":20521,"minecraft:play_time":80617,"minecraft:damage_taken":305,"minecraft:walk_one_cm":178949,"minecraft:sneak_time":4054,"minecraft:walk_under_water_one_cm":4476,"minecraft:drop":2,"minecraft:jump":192,"minecraft:damage_dealt":45,"minecraft:leave_game":2,"minecraft:walk_on_water_one_cm":4194,"minecraft:time_since_death":80617,"minecraft:climb_one_cm":356,"minecraft:total_world_time":80617,"minecraft:damage_resisted":77,"minecraft:fly_one_cm":1333882},"minecraft:used":{"minecraft:stone_brick_stairs":2,"minecraft:cobblestone":2,"minecraft:lantern":2,"minecraft:grass_block":48,"minecraft:bread":1,"minecraft:andesite":58,"dynamictrees:oak_branch":6,"minecraft:stone_brick_wall":3,"minecraft:stone":5,"minecraft:red_terracotta":15,"minecraft:spruce_fence":3},"minecraft:dropped":{"minecraft:bread":2}},"DataVersion":2975}