{"stats":{"minecraft:picked_up":{"minecraft:stick":2,"minecraft:wheat_seeds":1,"untamedwilds:flora_canola":1,"pamhc2crops:alfalfaitem":1,"minecraft:bread":1,"neapolitan:strawberry_pips":1},"minecraft:custom":{"minecraft:time_since_rest":51101,"minecraft:crouch_one_cm":6408,"minecraft:sprint_one_cm":7674,"minecraft:play_time":51101,"minecraft:damage_taken":305,"minecraft:walk_one_cm":102777,"minecraft:sneak_time":2169,"minecraft:drop":2,"minecraft:jump":125,"minecraft:damage_dealt":45,"minecraft:leave_game":2,"minecraft:walk_on_water_one_cm":2854,"minecraft:time_since_death":51101,"minecraft:total_world_time":51101,"minecraft:damage_resisted":77,"minecraft:fly_one_cm":853222},"minecraft:used":{"minecraft:bread":1,"minecraft:grass_block":37,"minecraft:red_terracotta":15},"minecraft:dropped":{"minecraft:bread":2}},"DataVersion":2975}