{"stats":{"minecraft:crafted":{"minecraft:crafting_table":3,"minecraft:wooden_pickaxe":2,"minecraft:stone_pickaxe":1,"minecraft:acacia_planks":20,"minecraft:birch_planks":36,"minecraft:stone_axe":1},"minecraft:used":{"minecraft:stone_pickaxe":1,"minecraft:netherite_axe":10,"minecraft:wooden_pickaxe":19,"pamhc2trees:rubber_sapling":1,"minecraft:stone_axe":11,"minecraft:dirt":1,"minecraft:crafting_table":3,"minecraft:bone_meal":4},"minecraft:killed":{"minecraft:skeleton":1},"minecraft:picked_up":{"minecraft:birch_log":18,"minecraft:stick":76,"minecraft:acacia_log":24,"untamedwilds:flora_bush_temperate":2,"immersiveengineering:raw_aluminum":1,"minecraft:oak_log":2,"minecraft:stripped_spruce_log":4,"minecraft:cornflower":1,"minecraft:dirt":7,"minecraft:bone":1,"minecraft:arrow":1,"minecraft:blue_orchid":1,"minecraft:bow":1,"dynamictrees:birch_seed":7,"minecraft:cobblestone":8},"minecraft:custom":{"minecraft:time_since_rest":18019,"minecraft:sprint_one_cm":9848,"minecraft:damage_taken":80,"minecraft:walk_one_cm":21720,"minecraft:mob_kills":1,"minecraft:damage_dealt":200,"minecraft:interact_with_crafting_table":3,"minecraft:fly_one_cm":5970,"minecraft:crouch_one_cm":6,"minecraft:play_time":18019,"tombstone:undead_killed":1,"minecraft:sneak_time":147,"minecraft:jump":61,"minecraft:leave_game":1,"minecraft:time_since_death":18019,"minecraft:climb_one_cm":36,"minecraft:total_world_time":18019,"minecraft:fall_one_cm":836},"minecraft:mined":{"untamedwilds:flora_bush_temperate":2,"minecraft:grass_block":4,"minecraft:dirt":6,"minecraft:tall_grass":1,"minecraft:blue_orchid":1,"minecraft:stone":9,"immersiveengineering:ore_aluminum":1}},"DataVersion":2975}