{"stats":{"minecraft:picked_up":{"minecraft:birch_log":14,"minecraft:mossy_cobblestone_slab":5,"untamedwilds:hide_bear_black":4,"minecraft:jungle_log":11,"pamhc2trees:papayaitem":2,"minecraft:leather":2,"minecraft:brown_mushroom":2,"minecraft:red_mushroom":1,"minecraft:stone_brick_stairs":2,"twilightforest:nagastone":3,"twilightforest:mossy_nagastone_pillar":2,"minecraft:golden_sword":2,"minecraft:cobblestone_stairs":1,"aquaculture:starshell_turtle":1,"minecraft:string":1,"twilightforest:mossy_nagastone_stairs_left":1,"untamedwilds:food_bear_raw":3,"untamedwilds:flora_junegrass":1,"minecraft:smooth_stone_slab":4,"untamedwilds:spawn_tortoise":1,"neapolitan:banana_frond":1,"minecraft:leather_boots":1,"minecraft:bone":3,"minecraft:stone_bricks":9,"minecraft:bow":1,"untamedwilds:material_fat":2,"minecraft:cracked_stone_bricks":1,"minecraft:gold_nugget":14,"twilightforest:nagastone_head":1,"minecraft:beef":2,"dynamictrees:birch_seed":1,"minecraft:mossy_stone_bricks":4,"twilightforest:cracked_nagastone_stairs_right":1,"minecraft:mossy_stone_brick_stairs":4,"minecraft:egg":3,"minecraft:stick":26,"twilightforest:nagastone_pillar":7,"minecraft:chiseled_stone_bricks":1,"minecraft:stone_brick_slab":1,"sophisticatedbackpacks:backpack":1,"twilightforest:cracked_etched_nagastone":2,"epicfight:skillbook":2,"minecraft:porkchop":1,"twilightforest:cracked_nagastone_pillar":9,"tombstone:grave_dust":2,"minecraft:mossy_stone_brick_slab":2,"minecraft:mossy_cobblestone":1,"neapolitan:strawberries":1,"twilightforest:mossy_etched_nagastone":2,"minecraft:polished_andesite":1,"minecraft:arrow":1,"minecraft:rotten_flesh":12,"twilightforest:mossy_nagastone_stairs_right":1,"twilightforest:twilight_oak_sapling":6,"immersiveengineering:seed":1,"twilightforest:etched_nagastone":5,"dynamictrees:jungle_seed":10,"minecraft:pink_tulip":1,"minecraft:mossy_cobblestone_stairs":1,"twilightforest:spiral_bricks":15,"minecraft:coal":1,"minecraft:cobblestone":1},"minecraft:dropped":{"minecraft:water_bucket":1,"minecraft:moss_block":1,"minecraft:porkchop":1,"dynamictrees:birch_seed":1,"minecraft:diamond":11,"minecraft:spider_spawn_egg":1,"minecraft:enchanted_golden_apple":1,"modernlife:motorboat_item":1,"minecraft:stick":3,"mca:wedding_ring":1,"untamedwilds:hide_bear_black":4,"dynamictrees:jungle_seed":3,"modernlife:dual_monitor":1,"minecraft:stone":1,"mca:book_romance":1,"mca:whistle":1,"neapolitan:banana_frond":1,"minecraft:arrow":1,"minecraft:beef":2,"untamedwilds:spawn_tortoise":1,"modernlife:bicycle_item":1,"minecraft:birch_log":6,"farmersdelight:wild_beetroots":1},"minecraft:crafted":{"neapolitan:strawberry_pips":1},"minecraft:custom":{"lootr:looted_stat":1,"minecraft:mob_kills":38,"minecraft:damage_dealt_resisted":60,"minecraft:leave_game":2,"minecraft:time_since_death":80868,"minecraft:damage_resisted":185,"minecraft:climb_one_cm":232,"minecraft:time_since_rest":80868,"minecraft:damage_absorbed":577,"minecraft:damage_taken":389,"minecraft:sprint_one_cm":154133,"minecraft:walk_one_cm":286518,"minecraft:damage_blocked_by_shield":225,"minecraft:drop":46,"minecraft:damage_dealt":6882,"minecraft:damage_dealt_absorbed":182,"minecraft:swim_one_cm":1190,"minecraft:fly_one_cm":240681,"minecraft:crouch_one_cm":118,"minecraft:play_time":80868,"tombstone:undead_killed":22,"minecraft:sneak_time":172,"minecraft:walk_under_water_one_cm":1012,"minecraft:jump":1409,"minecraft:walk_on_water_one_cm":2167,"minecraft:total_world_time":80868,"minecraft:fall_one_cm":5945,"minecraft:horse_one_cm":48174},"minecraft:used":{"minecraft:spider_spawn_egg":1,"minecraft:moss_block":2,"mcwfences:oak_picket_fence":76,"modernlife:guitar_amplifier":3,"minecraft:water_bucket":6,"epicfight:skillbook":1,"minecraft:pink_tulip":12,"minecraft:rose_bush":14,"minecraft:flint_and_steel":4,"untamedwilds:flora_junegrass":1,"untamedwilds:spitter_spawn_egg":1,"untamedwilds:spawn_tortoise":1,"quark:shiba_spawn_egg":1,"minecraft:horse_spawn_egg":1,"dtphc2:banana_seed":1,"minecraft:netherrack":52,"minecraft:sand":1,"untamedwilds:bear_spawn_egg":4,"magistuarmory:noble_sword":6,"infernalexp:glowsilk_bow":1,"minecraft:obsidian":47,"magistuarmory:messer_sword":121,"magistuarmory:diamond_target":37,"minecraft:cyan_terracotta":4,"modernlife:bicycle_item":2,"modernlife:motorboat_item":1,"minecraft:grass_block":4,"carryon:entity_item":2,"neapolitan:banana_frond":1,"minecraft:golden_sword":5,"minecraft:diamond_sword":7,"neapolitan:strawberry_pips":1,"minecraft:cobblestone":2,"minecraft:wooden_sword":6,"minecraft:bow":7,"modernlife:dual_monitor":1,"magistuarmory:heavy_crossbow":1,"aquaculture:starshell_turtle_spawn_egg":1,"epicfight:uchigatana":14,"neapolitan:banana_bundle":2,"farmersdelight:wild_beetroots":1,"dynamictrees:jungle_seed":3,"minecraft:bone_meal":1,"minecraft:enchanted_golden_apple":12},"minecraft:killed":{"minecraft:piglin":2,"aquaculture:starshell_turtle":1,"minecraft:pig":1,"minecraft:zombified_piglin":18,"quark:foxhound":1,"minecraft:spider":2,"minecraft:creeper":1,"minecraft:skeleton":1,"twilightforest:naga":1,"quark:shiba":1,"minecraft:zombie":3,"untamedwilds:spitter":1,"infernalexp:voline":4,"minecraft:cow":1},"minecraft:mined":{"untamedwilds:flora_junegrass":1,"minecraft:tall_grass":5,"minecraft:fire":1,"minecraft:grass":1}},"DataVersion":2975}