{"stats":{"minecraft:killed_by":{"minecraft:player":1},"minecraft:custom":{"minecraft:jump":73,"minecraft:time_since_rest":9182,"minecraft:crouch_one_cm":21,"minecraft:deaths":1,"minecraft:sprint_one_cm":17092,"minecraft:leave_game":1,"minecraft:play_time":12703,"minecraft:damage_taken":398,"minecraft:time_since_death":9142,"minecraft:walk_one_cm":23220,"minecraft:sneak_time":34,"minecraft:total_world_time":12703,"minecraft:fly_one_cm":93341},"minecraft:used":{"quark:iron_plate":5,"modernlife:glass_stairs":1,"biomesoplenty:white_sand":4,"minecraft:bone_meal":8,"dynamictrees:oak_seed":4,"minecraft:infested_stone":20,"minecraft:grass_block":9},"minecraft:picked_up":{"biomesoplenty:redwood_log":197,"minecraft:stick":5,"dtbop:redwood_seed":1}},"DataVersion":2975}