{"stats":{"minecraft:dropped":{"minecraft:porkchop":4,"create:crimsite":1,"minecraft:oak_leaves":1,"dynamictrees:dark_oak_seed":1,"minecraft:smooth_basalt":1,"minecraft:stick":2},"minecraft:custom":{"minecraft:time_since_rest":29103,"minecraft:crouch_one_cm":30,"minecraft:play_time":29103,"lootr:looted_stat":2,"minecraft:sprint_one_cm":19093,"minecraft:walk_one_cm":25671,"minecraft:sneak_time":160,"minecraft:walk_under_water_one_cm":934,"minecraft:drop":10,"minecraft:jump":184,"minecraft:time_since_death":29103,"minecraft:walk_on_water_one_cm":1016,"minecraft:total_world_time":29103,"minecraft:swim_one_cm":1040,"minecraft:fly_one_cm":78459},"minecraft:used":{"immersive_aircraft:cargo_airship":1,"minecraft:oak_leaves":2,"immersiveengineering:watermill":1,"minecraft:yellow_terracotta":98,"immersiveengineering:windmill":3,"immersive_aircraft:biplane":3,"minecraft:coarse_dirt":17,"minecraft:water_bucket":1,"dynamictrees:oak_seed":1,"immersive_aircraft:quadrocopter":2},"minecraft:picked_up":{"immersive_aircraft:enhanced_propeller":2,"minecraft:birch_log":1,"immersive_aircraft:biplane":3,"minecraft:stick":35,"minecraft:firework_rocket":64,"immersive_aircraft:industrial_gears":2,"immersive_aircraft:engine":1,"minecraft:porkchop":5,"immersive_aircraft:gyroscope":3,"immersive_aircraft:steel_boiler":1,"minecraft:spruce_log":8,"immersive_aircraft:eco_engine":1}},"DataVersion":2975}