{"stats":{"minecraft:custom":{"minecraft:time_since_rest":5516,"minecraft:play_time":5516,"minecraft:sprint_one_cm":988,"minecraft:walk_one_cm":3993,"minecraft:sneak_time":88,"minecraft:jump":5,"minecraft:time_since_death":5516,"minecraft:total_world_time":5516,"minecraft:interact_with_crafting_table":1,"minecraft:fall_one_cm":209,"minecraft:fly_one_cm":428},"minecraft:picked_up":{"minecraft:birch_log":9,"minecraft:stick":13,"untamedwilds:flora_bush_temperate":2,"dynamictrees:birch_seed":4,"minecraft:dirt":1,"minecraft:cobblestone":6},"minecraft:crafted":{"minecraft:birch_planks":36,"minecraft:crafting_table":1,"minecraft:wooden_pickaxe":1},"minecraft:used":{"minecraft:crafting_table":1,"minecraft:wooden_pickaxe":7},"minecraft:mined":{"untamedwilds:flora_bush_temperate":2,"minecraft:dirt":1,"minecraft:stone":6}},"DataVersion":2975}