{"stats":{"minecraft:killed_by":{"minecraft:player":1},"minecraft:custom":{"minecraft:time_since_rest":11404,"minecraft:sprint_one_cm":52624,"minecraft:damage_taken":398,"minecraft:walk_one_cm":214710,"minecraft:drop":10,"minecraft:damage_dealt":292,"minecraft:fly_one_cm":733313,"minecraft:crouch_one_cm":690,"minecraft:play_time":96703,"minecraft:deaths":2,"minecraft:sneak_time":2530,"minecraft:walk_under_water_one_cm":181,"minecraft:jump":473,"minecraft:leave_game":1,"minecraft:time_since_death":11368,"minecraft:walk_on_water_one_cm":11465,"minecraft:climb_one_cm":220,"minecraft:total_world_time":96703},"minecraft:used":{"minecraft:water_bucket":25,"minecraft:end_rod":39,"minecraft:sea_lantern":1,"modernlife:guitar_amplifier":1,"modernlife:bicycle_item":1,"modernlife:glass_stairs":1,"mca:grim_reaper_spawn_egg":1,"connectedglass:clear_glass_pink":16,"minecraft:infested_stone":22,"minecraft:grass_block":75,"twilightforest:cracked_castle_brick":154,"biomesoplenty:pink_cherry_leaves":84,"quark:iron_plate":5,"minecraft:stone":87,"minecraft:smooth_quartz":8,"biomesoplenty:white_sand":4,"dynamictrees:oak_seed":4,"twilightforest:thick_castle_brick":1,"twilightforest:worn_castle_brick":1,"biomesoplenty:jacaranda_log":377,"twilightforest:bold_castle_brick_pillar":1,"mcwlights:oak_ceiling_fan_light":2,"quark:red_blossom_leaves":171,"create:rose_quartz_block":1,"rechiseled:glowstone_brick_paving_connecting":9,"minecraft:dirt":4,"biomesoplenty:rose_quartz_cluster":46,"twilightforest:bold_castle_brick_tile":1,"biomesoplenty:rose_quartz_block":1007,"twilightforest:mossy_castle_brick":3,"biomesoplenty:large_rose_quartz_bud":224,"biomesoplenty:jacaranda_leaves":126,"rechiseled:glowstone_bricks_connecting":2,"minecraft:bone_meal":8},"minecraft:dropped":{"biomesoplenty:rose_quartz_block":1,"minecraft:leather":3,"minecraft:beef":3,"minecraft:bone":3},"minecraft:picked_up":{"biomesoplenty:redwood_log":197,"biomesoplenty:rose_quartz_block":1,"minecraft:stick":10,"minecraft:azure_bluet":5,"minecraft:leather":4,"dtbop:redwood_seed":1,"minecraft:oak_log":1,"biomesoplenty:rose_quartz_shard":4,"untamedwilds:food_bear_raw":4,"minecraft:bone":3,"immersiveengineering:seed":3,"untamedwilds:material_fat":2,"minecraft:wheat_seeds":3,"minecraft:beef":3,"minecraft:end_rod":5}},"DataVersion":2975}