{"stats":{"minecraft:killed_by":{"minecraft:player":1},"minecraft:custom":{"minecraft:time_since_rest":33182,"minecraft:crouch_one_cm":24,"minecraft:play_time":36703,"minecraft:sprint_one_cm":39230,"minecraft:walk_one_cm":105049,"minecraft:damage_taken":398,"minecraft:deaths":1,"minecraft:sneak_time":283,"minecraft:walk_under_water_one_cm":181,"minecraft:jump":276,"minecraft:leave_game":1,"minecraft:walk_on_water_one_cm":786,"minecraft:time_since_death":33142,"minecraft:total_world_time":36703,"minecraft:fly_one_cm":241333},"minecraft:used":{"minecraft:water_bucket":25,"minecraft:end_rod":7,"minecraft:dirt":4,"modernlife:glass_stairs":1,"twilightforest:bold_castle_brick_tile":1,"twilightforest:cracked_castle_brick":102,"minecraft:grass_block":12,"minecraft:infested_stone":22,"twilightforest:mossy_castle_brick":3,"quark:iron_plate":5,"minecraft:stone":87,"biomesoplenty:jacaranda_leaves":89,"biomesoplenty:jacaranda_log":196,"twilightforest:thick_castle_brick":1,"biomesoplenty:white_sand":4,"minecraft:bone_meal":8,"twilightforest:worn_castle_brick":1,"dynamictrees:oak_seed":4,"twilightforest:bold_castle_brick_pillar":1},"minecraft:picked_up":{"biomesoplenty:redwood_log":197,"minecraft:azure_bluet":5,"minecraft:stick":10,"immersiveengineering:seed":1,"minecraft:wheat_seeds":3,"dtbop:redwood_seed":1,"minecraft:oak_log":1}},"DataVersion":2975}