{"stats":{"minecraft:killed_by":{"untamedwilds:snake":1},"minecraft:killed":{"minecraft:hoglin":2,"minecraft:skeleton":1,"minecraft:zombie":1},"minecraft:used":{"minecraft:stone_sword":2,"minecraft:flint_and_steel":2,"minecraft:stone_pickaxe":17,"minecraft:wooden_pickaxe":22,"pamhc2trees:rubber_sapling":1,"biomesoplenty:bramble":5,"minecraft:dirt":1,"minecraft:crafting_table":4,"minecraft:obsidian":11,"waystones:waystone":2,"silentgear:machete":35,"minecraft:netherite_axe":10,"silentgear:pickaxe":63,"minecraft:stone_axe":13,"minecraft:cooked_porkchop":2,"tombstone:gift":2,"comforts:sleeping_bag_white":1,"minecraft:bone_meal":4},"minecraft:crafted":{"silentgear:legging_plates":1,"silentgear:pickaxe":2,"silentgear:chestplate":1,"silentgear:machete_blade":1,"silentgear:pickaxe_head":2,"minecraft:crafting_table":3,"minecraft:wooden_pickaxe":2,"silentgear:machete":1,"silentgear:leggings":1,"minecraft:birch_planks":36,"minecraft:stone_axe":2,"silentgear:boots":1,"silentgear:chestplate_plates":1,"silentgear:boot_plates":1,"silentgear:helmet_plates":1,"minecraft:stone_pickaxe":2,"minecraft:stone_sword":1,"silentgear:helmet":1,"minecraft:acacia_planks":20},"minecraft:dropped":{"biomesoplenty:bramble":2,"biomesoplenty:hellbark_log":3,"tombstone:grave_key":1,"tombstone:grave_dust":1,"comforts:sleeping_bag_white":2},"minecraft:picked_up":{"minecraft:birch_log":18,"minecraft:crafting_table":1,"minecraft:leather":3,"minecraft:oak_log":2,"minecraft:cornflower":1,"minecraft:dirt":10,"untamedwilds:food_turtle_raw":1,"minecraft:item_frame":2,"minecraft:bone":1,"minecraft:blue_orchid":1,"minecraft:bow":1,"comforts:sleeping_bag_white":3,"dynamictrees:birch_seed":7,"minecraft:iron_sword":1,"minecraft:stick":84,"minecraft:cooked_porkchop":4,"minecraft:acacia_log":24,"untamedwilds:flora_bush_temperate":2,"minecraft:porkchop":4,"immersiveengineering:raw_aluminum":1,"minecraft:stripped_spruce_log":9,"tombstone:grave_dust":1,"minecraft:stone_sword":1,"biomesoplenty:hellbark_log":4,"minecraft:arrow":1,"biomesoplenty:bramble":8,"minecraft:rotten_flesh":1,"minecraft:coal":24,"minecraft:cobblestone":45},"minecraft:custom":{"lootr:looted_stat":8,"minecraft:mob_kills":6,"minecraft:interact_with_crafting_table":14,"minecraft:open_barrel":1,"minecraft:leave_game":1,"minecraft:time_since_death":42689,"minecraft:sleep_in_bed":1,"minecraft:climb_one_cm":1415,"minecraft:time_since_rest":39251,"minecraft:waystone_activated":2,"minecraft:sprint_one_cm":28230,"minecraft:damage_taken":630,"minecraft:walk_one_cm":69525,"minecraft:drop":8,"minecraft:damage_dealt":1604,"minecraft:fly_one_cm":52365,"minecraft:crouch_one_cm":95,"tombstone:undead_killed":2,"minecraft:play_time":66019,"minecraft:deaths":1,"minecraft:sneak_time":446,"minecraft:walk_under_water_one_cm":774,"minecraft:jump":197,"minecraft:interact_with_brewingstand":1,"minecraft:walk_on_water_one_cm":818,"minecraft:interact_with_smoker":1,"minecraft:total_world_time":66019,"minecraft:fall_one_cm":2510},"minecraft:mined":{"minecraft:large_amethyst_bud":1,"minecraft:crafting_table":1,"biomesoplenty:burning_blossom":1,"untamedwilds:flora_bush_temperate":2,"biomesoplenty:bramble":1,"minecraft:grass_block":4,"minecraft:tall_grass":1,"biomesoplenty:sprout":5,"biomesoplenty:dead_grass":11,"minecraft:fire":4,"minecraft:grass":1,"minecraft:coal_ore":24,"minecraft:small_amethyst_bud":1,"minecraft:dirt":6,"minecraft:stone":46,"minecraft:blue_orchid":1,"minecraft:oak_leaves":6,"immersiveengineering:ore_aluminum":1}},"DataVersion":2975}