{"stats":{"minecraft:killed":{"untamedwilds:tarantula":1,"minecraft:skeleton":2,"minecraft:pillager":1,"minecraft:zombie":4,"minecraft:drowned":1,"minecraft:cow":2},"minecraft:used":{"minecraft:shield":25,"minecraft:wooden_pickaxe":47,"minecraft:torch":2,"minecraft:crafting_table":7,"minecraft:carrot":2,"minecraft:granite":1,"minecraft:wooden_axe":22,"minecraft:bread":9,"biomesoplenty:orange_sand":4,"dynamictrees:acacia_seed":1,"pamhc2crops:papyrusitem":2,"minecraft:stone_axe":40,"minecraft:wooden_sword":6,"minecraft:cobblestone":13},"minecraft:killed_by":{"minecraft:zombie":1},"minecraft:picked_up":{"minecraft:crafting_table":5,"minecraft:jungle_log":1,"minecraft:leather":2,"minecraft:oak_log":5,"silentgear:sinew":1,"minecraft:dirt":2,"minecraft:wheat_seeds":2,"minecraft:beef":4,"pamhc2crops:papyrusitem":2,"pamhc2trees:dateitem":1,"minecraft:stick":26,"minecraft:torch":1,"minecraft:acacia_log":8,"dynamictrees:acacia_seed":2,"tombstone:grave_dust":2,"minecraft:spruce_log":16,"minecraft:rotten_flesh":6,"minecraft:arrow":1,"biomesoplenty:orange_sandstone":3,"minecraft:granite":11,"minecraft:terracotta":1,"minecraft:coal":5,"biomesoplenty:orange_sand":4,"minecraft:cobblestone":9},"minecraft:custom":{"lootr:looted_stat":1,"minecraft:mob_kills":13,"tombstone:raider_killed":1,"minecraft:interact_with_crafting_table":8,"minecraft:leave_game":1,"minecraft:time_since_death":27331,"minecraft:time_since_rest":27361,"minecraft:sprint_one_cm":75792,"minecraft:damage_taken":839,"minecraft:walk_one_cm":72717,"minecraft:damage_blocked_by_shield":655,"minecraft:drop":15,"minecraft:damage_dealt":2529,"minecraft:swim_one_cm":16181,"minecraft:fly_one_cm":109737,"minecraft:crouch_one_cm":195,"minecraft:play_time":39971,"tombstone:undead_killed":7,"minecraft:deaths":1,"minecraft:sneak_time":283,"minecraft:walk_under_water_one_cm":3650,"minecraft:jump":643,"minecraft:walk_on_water_one_cm":2295,"minecraft:total_world_time":39971,"minecraft:fall_one_cm":12962},"minecraft:dropped":{"minecraft:crafting_table":2,"minecraft:rotten_flesh":6,"minecraft:shield":1,"dynamictrees:acacia_branch":1,"tombstone:grave_dust":2,"minecraft:arrow":1,"dynamictrees:acacia_seed":1,"minecraft:terracotta":1},"minecraft:mined":{"biomesoplenty:orange_sand":3,"minecraft:crafting_table":4,"minecraft:torch":1,"minecraft:granite":11,"untamedwilds:flora_zimbabwe_aloe":1,"biomesoplenty:orange_sandstone":3,"dtbop:rooty_orange_sand":1,"biomesoplenty:dune_grass":3,"pamhc2crops:aridgarden":2,"minecraft:grass":4,"minecraft:coal_ore":6,"minecraft:dirt":2,"minecraft:terracotta":1,"minecraft:stone":10},"minecraft:crafted":{"minecraft:crafting_table":3,"minecraft:wooden_pickaxe":1,"minecraft:stone_axe":1,"minecraft:stick":4,"minecraft:wooden_axe":1,"minecraft:acacia_planks":32,"minecraft:torch":8}},"DataVersion":2975}