{"stats":{"minecraft:picked_up":{"biomesoplenty:lavender":2,"biomesoplenty:jacaranda_log":1,"minecraft:carrot":14,"immersive_aircraft:gyrodyne":1},"minecraft:dropped":{"biomesoplenty:jacaranda_log":1,"biomesoplenty:lavender":1},"minecraft:custom":{"minecraft:time_since_rest":10170,"minecraft:play_time":10170,"minecraft:sprint_one_cm":18275,"minecraft:damage_taken":40,"minecraft:walk_one_cm":9322,"minecraft:sneak_time":99,"minecraft:walk_under_water_one_cm":1347,"minecraft:drop":2,"minecraft:jump":110,"minecraft:eat_cake_slice":1,"minecraft:time_since_death":10170,"minecraft:walk_on_water_one_cm":1481,"minecraft:total_world_time":10170,"minecraft:swim_one_cm":7779,"minecraft:fall_one_cm":3223,"minecraft:fly_one_cm":35007},"minecraft:mined":{"biomesoplenty:jacaranda_log":1,"biomesoplenty:lavender":1,"farmersdelight:wild_carrots":15},"minecraft:used":{"immersive_aircraft:airship":1,"minecraft:carrot":5,"immersive_aircraft:gyrodyne":2,"tconstruct:earth_cake":1,"immersive_aircraft:biplane":1}},"DataVersion":2975}