{"stats":{"minecraft:crafted":{"minecraft:crafting_table":3,"minecraft:wooden_pickaxe":2,"minecraft:stone_pickaxe":2,"minecraft:stone_sword":1,"minecraft:acacia_planks":20,"minecraft:birch_planks":36,"minecraft:stone_axe":2},"minecraft:killed_by":{"untamedwilds:snake":1},"minecraft:used":{"minecraft:stone_sword":2,"minecraft:stone_pickaxe":17,"minecraft:netherite_axe":10,"minecraft:wooden_pickaxe":22,"pamhc2trees:rubber_sapling":1,"minecraft:stone_axe":13,"minecraft:dirt":1,"minecraft:crafting_table":3,"tombstone:gift":2,"comforts:sleeping_bag_white":1,"minecraft:bone_meal":4},"minecraft:killed":{"minecraft:skeleton":1},"minecraft:dropped":{"tombstone:grave_key":1,"tombstone:grave_dust":1,"comforts:sleeping_bag_white":2},"minecraft:picked_up":{"minecraft:birch_log":18,"minecraft:crafting_table":1,"minecraft:stick":80,"minecraft:acacia_log":24,"untamedwilds:flora_bush_temperate":2,"immersiveengineering:raw_aluminum":1,"minecraft:oak_log":2,"minecraft:stripped_spruce_log":9,"minecraft:cornflower":1,"minecraft:dirt":10,"untamedwilds:food_turtle_raw":1,"minecraft:bone":1,"minecraft:arrow":1,"minecraft:blue_orchid":1,"minecraft:bow":1,"comforts:sleeping_bag_white":1,"dynamictrees:birch_seed":7,"minecraft:coal":5,"minecraft:cobblestone":20},"minecraft:custom":{"minecraft:time_since_rest":3251,"minecraft:sprint_one_cm":13403,"minecraft:damage_taken":310,"minecraft:walk_one_cm":31764,"minecraft:mob_kills":1,"minecraft:drop":3,"minecraft:damage_dealt":409,"minecraft:interact_with_crafting_table":6,"minecraft:fly_one_cm":8548,"minecraft:crouch_one_cm":73,"minecraft:deaths":1,"minecraft:play_time":30019,"tombstone:undead_killed":1,"minecraft:sneak_time":223,"minecraft:walk_under_water_one_cm":166,"minecraft:jump":87,"minecraft:leave_game":1,"minecraft:walk_on_water_one_cm":354,"minecraft:time_since_death":6689,"minecraft:sleep_in_bed":1,"minecraft:climb_one_cm":36,"minecraft:total_world_time":30019,"minecraft:fall_one_cm":1085},"minecraft:mined":{"minecraft:large_amethyst_bud":1,"minecraft:crafting_table":1,"untamedwilds:flora_bush_temperate":2,"minecraft:grass":1,"minecraft:grass_block":4,"minecraft:coal_ore":5,"minecraft:small_amethyst_bud":1,"minecraft:dirt":6,"minecraft:tall_grass":1,"minecraft:blue_orchid":1,"minecraft:stone":21,"immersiveengineering:ore_aluminum":1}},"DataVersion":2975}