{"stats":{"minecraft:killed":{"minecraft:husk":1,"minecraft:spider":1,"untamedwilds:tarantula":3,"minecraft:skeleton":3,"minecraft:pillager":1,"minecraft:zombie":19,"minecraft:chicken":2,"untamedwilds:snake":1,"minecraft:drowned":1,"creeperoverhaul:savannah_creeper":2,"minecraft:cow":2},"minecraft:broken":{"minecraft:stone_pickaxe":1},"minecraft:used":{"minecraft:baked_potato":2,"minecraft:stone_pickaxe":143,"minecraft:shield":49,"minecraft:wooden_pickaxe":47,"minecraft:iron_sword":100,"dynamictrees:oak_seed":2,"minecraft:cooked_chicken":1,"pamhc2crops:juteseeditem":9,"minecraft:torch":3,"farmersdelight:onion":61,"minecraft:crafting_table":9,"minecraft:carrot":31,"minecraft:granite":2,"pamhc2trees:cashewitem":1,"tombstone:bag_of_seeds":2,"minecraft:wooden_axe":22,"neapolitan:banana_stalk":1,"minecraft:iron_axe":30,"minecraft:bread":9,"minecraft:netherite_axe":17,"biomesoplenty:orange_sand":4,"dynamictrees:acacia_seed":1,"pamhc2crops:papyrusitem":5,"minecraft:stone_axe":41,"minecraft:wooden_sword":6,"minecraft:cobblestone":32,"pamhc2crops:cassavaitem":7,"minecraft:furnace":4,"immersive_aircraft:gyrodyne":3,"tombstone:gift":2,"minecraft:cooked_beef":4,"minecraft:orange_terracotta":4,"dynamictrees:jungle_seed":2},"minecraft:killed_by":{"minecraft:zombie":1},"minecraft:picked_up":{"minecraft:allium":21,"minecraft:crafting_table":8,"minecraft:feather":2,"minecraft:chicken":2,"dtphc2:paperbark_seed":4,"minecraft:jungle_log":61,"minecraft:leather":2,"dynamictrees:spruce_seed":1,"minecraft:oak_log":16,"immersive_aircraft:gyrodyne":2,"minecraft:string":3,"silentgear:sinew":1,"minecraft:dirt":2,"minecraft:orange_terracotta":5,"minecraft:bone":2,"minecraft:wheat_seeds":3,"pamhc2crops:riceitem":1,"minecraft:beef":4,"pamhc2crops:cassavaitem":1,"tombstone:bag_of_seeds":1,"pamhc2crops:papyrusitem":3,"dynamictrees:oak_seed":2,"pamhc2trees:dateitem":1,"minecraft:furnace":4,"pamhc2crops:onionitem":1,"pamhc2crops:cattailitem":1,"minecraft:raw_iron":8,"minecraft:stick":78,"minecraft:torch":3,"minecraft:acacia_log":9,"pamhc2crops:juteseeditem":2,"immersiveengineering:raw_aluminum":13,"dynamictrees:acacia_seed":2,"pamhc2trees:cashewitem":1,"tombstone:grave_dust":2,"minecraft:spruce_log":36,"neapolitan:banana_stalk":1,"minecraft:rotten_flesh":16,"minecraft:arrow":3,"farmersdelight:onion":11,"biomesoplenty:orange_sandstone":3,"dynamictrees:jungle_seed":3,"pamhc2crops:bellpepperitem":2,"minecraft:granite":34,"pamhc2crops:waterchestnutitem":1,"pamhc2crops:chickpeaitem":2,"minecraft:terracotta":1,"minecraft:coal":202,"biomesoplenty:orange_sand":4,"minecraft:cobblestone":38},"minecraft:custom":{"minecraft:interact_with_furnace":17,"lootr:looted_stat":2,"minecraft:mob_kills":38,"tombstone:raider_killed":1,"minecraft:interact_with_crafting_table":18,"minecraft:leave_game":1,"minecraft:time_since_death":63331,"minecraft:time_since_rest":63361,"minecraft:sprint_one_cm":152039,"minecraft:damage_taken":1626,"minecraft:walk_one_cm":155907,"minecraft:damage_blocked_by_shield":1275,"minecraft:drop":18,"minecraft:damage_dealt":6736,"minecraft:swim_one_cm":20586,"minecraft:fly_one_cm":181374,"minecraft:crouch_one_cm":519,"minecraft:play_time":75971,"tombstone:undead_killed":24,"minecraft:deaths":1,"minecraft:sneak_time":692,"minecraft:walk_under_water_one_cm":7390,"minecraft:jump":1045,"minecraft:walk_on_water_one_cm":3299,"minecraft:total_world_time":75971,"minecraft:fall_one_cm":22445},"minecraft:dropped":{"minecraft:crafting_table":2,"minecraft:rotten_flesh":6,"minecraft:shield":1,"minecraft:orange_terracotta":1,"dynamictrees:acacia_branch":1,"pamhc2crops:chickpeaitem":2,"tombstone:grave_dust":2,"minecraft:arrow":1,"dynamictrees:acacia_seed":1,"minecraft:terracotta":1},"minecraft:mined":{"pamhc2crops:windygarden":3,"biomesoplenty:orange_sand":3,"minecraft:crafting_table":7,"minecraft:torch":1,"minecraft:granite":34,"biomesoplenty:bush":3,"untamedwilds:flora_zimbabwe_aloe":1,"minecraft:dead_bush":1,"biomesoplenty:orange_sandstone":3,"dtbop:rooty_orange_sand":1,"biomesoplenty:dune_grass":3,"minecraft:wall_torch":2,"dtbop:oak_twiglet_leaves":1,"farmersdelight:wild_onions":11,"minecraft:furnace":4,"pamhc2crops:aridgarden":5,"dynamictrees:jungle_root":1,"minecraft:iron_ore":8,"neapolitan:banana_stalk":1,"pamhc2crops:soggygarden":4,"minecraft:grass":12,"dtphc2:date_leaves":1,"minecraft:coal_ore":71,"minecraft:dirt":2,"minecraft:terracotta":1,"minecraft:stone":39,"immersiveengineering:ore_aluminum":13},"minecraft:crafted":{"minecraft:cooked_beef":4,"minecraft:crafting_table":3,"minecraft:cooked_chicken":2,"minecraft:baked_potato":2,"minecraft:wooden_pickaxe":1,"minecraft:iron_sword":1,"minecraft:furnace":1,"minecraft:stone_axe":1,"minecraft:air":0,"minecraft:shield":1,"minecraft:iron_axe":1,"minecraft:stick":4,"minecraft:iron_ingot":6,"minecraft:stone_pickaxe":2,"minecraft:wooden_axe":1,"minecraft:stone_sword":1,"minecraft:acacia_planks":32,"minecraft:torch":8}},"DataVersion":2975}