{"stats":{"minecraft:killed_by":{"minecraft:player":1},"minecraft:custom":{"minecraft:time_since_rest":45182,"minecraft:crouch_one_cm":181,"minecraft:play_time":48703,"minecraft:sprint_one_cm":39303,"minecraft:walk_one_cm":113949,"minecraft:damage_taken":398,"minecraft:deaths":1,"minecraft:sneak_time":738,"minecraft:walk_under_water_one_cm":181,"minecraft:jump":295,"minecraft:leave_game":1,"minecraft:walk_on_water_one_cm":850,"minecraft:time_since_death":45142,"minecraft:total_world_time":48703,"minecraft:fly_one_cm":328001},"minecraft:used":{"modernlife:guitar_amplifier":1,"rechiseled:glowstone_brick_paving_connecting":9,"minecraft:water_bucket":25,"minecraft:sea_lantern":1,"minecraft:end_rod":7,"minecraft:dirt":4,"modernlife:glass_stairs":1,"twilightforest:bold_castle_brick_tile":1,"twilightforest:cracked_castle_brick":103,"minecraft:grass_block":12,"minecraft:infested_stone":22,"biomesoplenty:pink_cherry_leaves":84,"twilightforest:mossy_castle_brick":3,"quark:iron_plate":5,"minecraft:stone":87,"rechiseled:glowstone_bricks_connecting":2,"biomesoplenty:jacaranda_leaves":89,"biomesoplenty:jacaranda_log":377,"twilightforest:thick_castle_brick":1,"biomesoplenty:white_sand":4,"minecraft:bone_meal":8,"twilightforest:worn_castle_brick":1,"dynamictrees:oak_seed":4,"twilightforest:bold_castle_brick_pillar":1},"minecraft:picked_up":{"biomesoplenty:redwood_log":197,"minecraft:azure_bluet":5,"minecraft:stick":10,"immersiveengineering:seed":1,"minecraft:wheat_seeds":3,"dtbop:redwood_seed":1,"minecraft:oak_log":1}},"DataVersion":2975}