{"stats":{"minecraft:killed_by":{"minecraft:player":1},"minecraft:custom":{"minecraft:time_since_rest":57182,"minecraft:sprint_one_cm":42460,"minecraft:damage_taken":398,"minecraft:walk_one_cm":120927,"minecraft:drop":1,"minecraft:fly_one_cm":393519,"minecraft:crouch_one_cm":208,"minecraft:play_time":60703,"minecraft:deaths":1,"minecraft:sneak_time":1257,"minecraft:walk_under_water_one_cm":181,"minecraft:jump":323,"minecraft:leave_game":1,"minecraft:time_since_death":57142,"minecraft:walk_on_water_one_cm":1644,"minecraft:total_world_time":60703},"minecraft:used":{"minecraft:water_bucket":25,"minecraft:end_rod":10,"minecraft:sea_lantern":1,"modernlife:guitar_amplifier":1,"modernlife:bicycle_item":1,"modernlife:glass_stairs":1,"minecraft:infested_stone":22,"minecraft:grass_block":12,"twilightforest:cracked_castle_brick":103,"biomesoplenty:pink_cherry_leaves":84,"quark:iron_plate":5,"minecraft:stone":87,"minecraft:smooth_quartz":5,"biomesoplenty:white_sand":4,"dynamictrees:oak_seed":4,"twilightforest:thick_castle_brick":1,"twilightforest:worn_castle_brick":1,"biomesoplenty:jacaranda_log":377,"twilightforest:bold_castle_brick_pillar":1,"create:rose_quartz_block":1,"rechiseled:glowstone_brick_paving_connecting":9,"minecraft:dirt":4,"biomesoplenty:rose_quartz_cluster":46,"twilightforest:bold_castle_brick_tile":1,"biomesoplenty:rose_quartz_block":359,"twilightforest:mossy_castle_brick":3,"biomesoplenty:jacaranda_leaves":126,"rechiseled:glowstone_bricks_connecting":2,"minecraft:bone_meal":8},"minecraft:dropped":{"biomesoplenty:rose_quartz_block":1},"minecraft:picked_up":{"biomesoplenty:redwood_log":197,"minecraft:stick":10,"minecraft:azure_bluet":5,"dtbop:redwood_seed":1,"minecraft:oak_log":1,"biomesoplenty:rose_quartz_shard":3,"immersiveengineering:seed":1,"minecraft:wheat_seeds":3}},"DataVersion":2975}