{"stats":{"minecraft:killed_by":{"minecraft:player":1},"minecraft:custom":{"minecraft:time_since_rest":21182,"minecraft:crouch_one_cm":24,"minecraft:play_time":24703,"minecraft:sprint_one_cm":27944,"minecraft:walk_one_cm":75568,"minecraft:damage_taken":398,"minecraft:deaths":1,"minecraft:sneak_time":99,"minecraft:jump":170,"minecraft:leave_game":1,"minecraft:walk_on_water_one_cm":52,"minecraft:time_since_death":21142,"minecraft:total_world_time":24703,"minecraft:fly_one_cm":135587},"minecraft:used":{"minecraft:water_bucket":18,"minecraft:end_rod":7,"minecraft:dirt":4,"modernlife:glass_stairs":1,"twilightforest:bold_castle_brick_tile":1,"twilightforest:cracked_castle_brick":55,"minecraft:grass_block":10,"minecraft:infested_stone":22,"twilightforest:mossy_castle_brick":3,"quark:iron_plate":5,"minecraft:stone":87,"biomesoplenty:jacaranda_leaves":89,"biomesoplenty:jacaranda_log":34,"twilightforest:thick_castle_brick":1,"biomesoplenty:white_sand":4,"minecraft:bone_meal":8,"twilightforest:worn_castle_brick":1,"dynamictrees:oak_seed":4,"twilightforest:bold_castle_brick_pillar":1},"minecraft:picked_up":{"biomesoplenty:redwood_log":197,"minecraft:stick":10,"minecraft:wheat_seeds":2,"dtbop:redwood_seed":1,"minecraft:oak_log":1}},"DataVersion":2975}