{"stats":{"minecraft:custom":{"minecraft:time_since_rest":7707,"minecraft:play_time":7707,"minecraft:sprint_one_cm":3580,"tombstone:undead_killed":1,"minecraft:damage_taken":80,"minecraft:walk_one_cm":10237,"minecraft:sneak_time":88,"minecraft:mob_kills":1,"minecraft:jump":26,"minecraft:damage_dealt":200,"minecraft:leave_game":1,"minecraft:time_since_death":7707,"minecraft:climb_one_cm":36,"minecraft:total_world_time":7707,"minecraft:interact_with_crafting_table":2,"minecraft:fall_one_cm":836,"minecraft:fly_one_cm":3060},"minecraft:killed":{"minecraft:skeleton":1},"minecraft:picked_up":{"minecraft:birch_log":10,"minecraft:stick":30,"minecraft:bone":1,"minecraft:arrow":1,"minecraft:bow":1,"untamedwilds:flora_bush_temperate":2,"dynamictrees:birch_seed":7,"immersiveengineering:raw_aluminum":1,"minecraft:oak_log":2,"minecraft:dirt":1,"minecraft:cobblestone":8},"minecraft:crafted":{"minecraft:birch_planks":36,"minecraft:stone_axe":1,"minecraft:crafting_table":2,"minecraft:stone_pickaxe":1,"minecraft:wooden_pickaxe":1},"minecraft:used":{"minecraft:stone_axe":11,"minecraft:crafting_table":2,"minecraft:stone_pickaxe":1,"minecraft:wooden_pickaxe":9,"minecraft:bone_meal":4,"pamhc2trees:rubber_sapling":1},"minecraft:mined":{"untamedwilds:flora_bush_temperate":2,"minecraft:dirt":1,"minecraft:stone":8,"immersiveengineering:ore_aluminum":1}},"DataVersion":2975}