{"stats":{"minecraft:crafted":{"minecraft:crafting_table":1,"minecraft:stick":8,"minecraft:spruce_planks":12,"minecraft:wooden_pickaxe":1,"minecraft:stone_pickaxe":1,"minecraft:dark_oak_planks":4,"minecraft:stone_axe":1},"minecraft:picked_up":{"biomesoplenty:lavender":2,"minecraft:spruce_log":3,"minecraft:carrot":14,"immersive_aircraft:gyrodyne":1,"minecraft:dark_oak_log":1,"minecraft:spider_eye":1,"minecraft:string":1,"minecraft:rotten_flesh":2,"biomesoplenty:jacaranda_log":1,"minecraft:cobblestone":17},"minecraft:dropped":{"biomesoplenty:lavender":1,"biomesoplenty:jacaranda_log":1},"minecraft:killed":{"minecraft:zombie":1,"minecraft:spider":1},"minecraft:custom":{"minecraft:time_since_rest":0,"minecraft:sprint_one_cm":48136,"minecraft:damage_taken":245,"minecraft:walk_one_cm":30233,"minecraft:mob_kills":2,"minecraft:drop":2,"minecraft:damage_dealt":373,"minecraft:interact_with_crafting_table":3,"minecraft:swim_one_cm":7779,"minecraft:fly_one_cm":150371,"minecraft:play_time":22444,"tombstone:undead_killed":1,"minecraft:deaths":1,"minecraft:sneak_time":143,"minecraft:walk_under_water_one_cm":1347,"minecraft:jump":405,"minecraft:eat_cake_slice":1,"minecraft:leave_game":1,"minecraft:walk_on_water_one_cm":1481,"minecraft:time_since_death":0,"minecraft:total_world_time":22444,"minecraft:fall_one_cm":6420},"minecraft:killed_by":{"minecraft:zombie":1},"minecraft:mined":{"biomesoplenty:jacaranda_log":1,"farmersdelight:wild_carrots":15,"biomesoplenty:lavender":1,"minecraft:spruce_log":4,"minecraft:dark_oak_log":2,"biomesoplenty:bush":2,"minecraft:stone":17},"minecraft:used":{"minecraft:dark_oak_planks":2,"minecraft:stone_pickaxe":12,"structure_gel:yellow_gel":4,"immersive_aircraft:airship":1,"minecraft:netherite_axe":16,"minecraft:wooden_pickaxe":5,"pamhc2trees:grapefruit_sapling":2,"minecraft:crafting_table":1,"minecraft:carrot":5,"immersive_aircraft:gyrodyne":2,"tconstruct:earth_cake":1,"quark:lavender_blossom_sapling":2,"immersive_aircraft:biplane":1,"minecraft:bone_meal":13}},"DataVersion":2975}