{"stats":{"minecraft:custom":{"minecraft:mob_kills":1,"minecraft:leave_game":2,"minecraft:time_since_death":59659,"minecraft:climb_one_cm":364,"minecraft:time_since_rest":59695,"minecraft:sprint_one_cm":166920,"minecraft:damage_taken":398,"minecraft:walk_one_cm":496721,"minecraft:drop":13,"minecraft:damage_dealt":892,"minecraft:fly_one_cm":916040,"minecraft:open_chest":1,"minecraft:crouch_one_cm":838,"minecraft:play_time":144994,"minecraft:deaths":2,"minecraft:sneak_time":2741,"minecraft:walk_under_water_one_cm":4973,"minecraft:jump":840,"minecraft:walk_on_water_one_cm":45569,"minecraft:total_world_time":144994},"minecraft:picked_up":{"quark:diamond_heart":2,"biomesoplenty:redwood_log":274,"minecraft:azure_bluet":5,"aquaculture:neptunium_sword":1,"minecraft:leather":4,"minecraft:oak_log":1,"biomesoplenty:rose_quartz_shard":4,"aquaculture:neptunium_helmet":1,"untamedwilds:flora_junegrass":3,"untamedwilds:food_bear_raw":4,"minecraft:bone":3,"untamedwilds:material_fat":2,"minecraft:wheat_seeds":3,"aquaculture:neptunium_pickaxe":1,"minecraft:beef":3,"arka_items:silverarkacoin":3,"aquaculture:neptunium_chestplate":1,"biomesoplenty:rose_quartz_block":1,"minecraft:stick":21,"dtbop:redwood_seed":1,"minecraft:grass_block":3,"shieldexp:iron_shield":1,"aquaculture:neptunium_leggings":1,"aquaculture:neptunium_axe":1,"aquaculture:neptunium_hoe":1,"minecraft:stone_sword":1,"immersiveengineering:seed":3,"immersiveengineering:treated_post":1,"aquaculture:neptunium_boots":1,"aquaculture:neptunium_shovel":1,"minecraft:end_rod":5,"aquaculture:neptunium_bow":1},"minecraft:killed":{"quark:toretoise":1},"minecraft:dropped":{"minecraft:leather":3,"minecraft:grass_block":3,"biomesoplenty:rose_quartz_block":1,"minecraft:beef":3,"minecraft:bone":3},"minecraft:killed_by":{"minecraft:player":1},"minecraft:used":{"framedblocks:framed_half_pillar":2,"biomesoplenty:white_sandstone_wall":1,"minecraft:water_bucket":25,"minecraft:netherite_sword":5,"minecraft:end_rod":46,"modernlife:guitar_amplifier":1,"modernlife:glass_stairs":1,"mca:grim_reaper_spawn_egg":1,"connectedglass:clear_glass_pink":16,"minecraft:infested_stone":22,"twilightforest:cracked_castle_brick":621,"quark:toretoise_spawn_egg":1,"biomesoplenty:pink_cherry_leaves":84,"aquaculture:neptunium_bow":3,"biomesoplenty:watergrass":41,"minecraft:stone":87,"biomesoplenty:white_sand":4,"dynamictrees:oak_seed":4,"minecraft:quartz_stairs":13,"framedblocks:framed_divided_slab":4,"mcwlights:oak_ceiling_fan_light":2,"framedblocks:framed_wall":8,"quark:red_blossom_leaves":171,"minecraft:torch":1,"minecraft:dirt":4,"biomesoplenty:rose_quartz_cluster":46,"twilightforest:bold_castle_brick_tile":1,"aquaculture:arrau_turtle_spawn_egg":20,"rechiseled:glowstone_bricks_connecting":2,"supplementaries:bomb_spiky":1,"biomesoplenty:palm_sapling":1,"minecraft:sea_lantern":7,"modernlife:bicycle_item":1,"biomesoplenty:small_rose_quartz_bud":1,"minecraft:grass_block":78,"modernlife:motorboat_item":1,"quark:iron_plate":5,"minecraft:smooth_quartz":8,"twilightforest:thick_castle_brick":1,"biomesoplenty:jacaranda_log":384,"twilightforest:worn_castle_brick":1,"twilightforest:bold_castle_brick_pillar":1,"create:rose_quartz_block":1,"rechiseled:glowstone_brick_paving_connecting":9,"aquaculture:box_turtle_spawn_egg":16,"fantasyfurniture:nordic/bench":5,"infernalexp:luminous_fungus":3,"biomesoplenty:rose_quartz_block":1022,"twilightforest:mossy_castle_brick":3,"supplementaries:statue":20,"biomesoplenty:jacaranda_leaves":126,"biomesoplenty:large_rose_quartz_bud":227,"framedblocks:framed_lattice_block":1,"minecraft:bone_meal":8,"immersiveengineering:treated_post":1,"rechiseled:glowstone_smooth_connecting":1}},"DataVersion":2975}