{"stats":{"minecraft:picked_up":{"untamedwilds:flora_bush_temperate":1,"minecraft:ink_sac":1,"dtbop:mahogany_seed":1,"immersive_aircraft:gyrodyne":2,"minecraft:lantern":1,"immersive_aircraft:biplane":3,"untamedwilds:food_turtle_raw":1,"immersiveengineering:seed":1,"pamhc2trees:dateitem":1},"minecraft:custom":{"minecraft:time_since_rest":42343,"minecraft:waystone_activated":1,"minecraft:interact_with_furnace":1,"minecraft:sprint_one_cm":69113,"minecraft:walk_one_cm":82976,"minecraft:mob_kills":1,"minecraft:drop":6,"minecraft:damage_dealt":135,"minecraft:fly_one_cm":1266057,"minecraft:crouch_one_cm":5726,"minecraft:play_time":42343,"minecraft:sneak_time":1445,"minecraft:walk_under_water_one_cm":4388,"minecraft:jump":558,"minecraft:leave_game":1,"minecraft:walk_on_water_one_cm":1886,"minecraft:time_since_death":42343,"minecraft:interact_with_smoker":1,"minecraft:climb_one_cm":1076,"minecraft:total_world_time":42343,"minecraft:fall_one_cm":1045},"minecraft:killed":{"untamedwilds:tortoise":1},"minecraft:mined":{"pamhc2crops:windygarden":1,"minecraft:grass":3,"biomesoplenty:clover":6},"minecraft:used":{"supplementaries:bomb_spiky":2,"minecraft:firework_rocket":1,"minecraft:grass_block":2,"minecraft:bread":1,"carryon:entity_item":4,"quark:red_blossom_leaves":4,"silentgear:elytra":1,"minecraft:wooden_sword":5,"dtbop:mahogany_seed":8,"supplementaries:bomb":9,"immersive_aircraft:gyrodyne":1,"immersive_aircraft:biplane":4},"minecraft:dropped":{"dtbop:mahogany_seed":1,"minecraft:shield":1,"untamedwilds:flora_bush_temperate":1,"minecraft:leather_boots":1,"silentgear:elytra":1,"pamhc2trees:dateitem":1}},"DataVersion":2975}