{"stats":{"minecraft:picked_up":{"biomesoplenty:redwood_log":221,"immersiveengineering:empty_casing":8,"minecraft:stick":30,"minecraft:azure_bluet":1,"minecraft:cooked_beef":2,"modernlife:bullet_strip":1,"minecraft:leather":1,"untamedwilds:flora_bush_temperate":2,"dtbop:redwood_seed":1,"untamedwilds:flora_canola":2,"minecraft:porkchop":2,"minecraft:ink_sac":1,"modernlife:chainsaw":1,"dtbop:mahogany_seed":1,"immersive_aircraft:gyrodyne":2,"immersiveengineering:revolver":2,"minecraft:lantern":2,"tombstone:gift":1,"immersive_aircraft:biplane":4,"untamedwilds:food_turtle_raw":1,"pamhc2trees:plumitem":1,"minecraft:bone":6,"immersiveengineering:seed":1,"minecraft:wheat_seeds":3,"minecraft:beef":17,"immersive_aircraft:airship":2,"immersiveengineering:armor_piercing":112,"minecraft:oak_planks":81,"modernlife:gun_magazine":1,"pamhc2trees:dateitem":1},"minecraft:custom":{"minecraft:time_since_rest":54343,"minecraft:waystone_activated":1,"minecraft:damage_taken":270,"minecraft:interact_with_furnace":1,"minecraft:sprint_one_cm":88884,"minecraft:walk_one_cm":137947,"minecraft:mob_kills":17,"minecraft:drop":17,"minecraft:damage_dealt":135,"minecraft:fly_one_cm":1409763,"minecraft:player_kills":1,"minecraft:crouch_one_cm":8145,"minecraft:play_time":54343,"minecraft:sneak_time":2245,"minecraft:walk_under_water_one_cm":4388,"minecraft:jump":722,"minecraft:leave_game":1,"minecraft:walk_on_water_one_cm":1886,"minecraft:time_since_death":54343,"minecraft:interact_with_smoker":1,"minecraft:climb_one_cm":1439,"minecraft:total_world_time":54343,"minecraft:fall_one_cm":3959},"minecraft:killed":{"untamedwilds:tortoise":1,"minecraft:pig":2,"untamedwilds:bison":2,"untamedwilds:snake":3,"minecraft:cow":8},"minecraft:mined":{"pamhc2crops:windygarden":1,"minecraft:grass":3,"biomesoplenty:clover":6},"minecraft:used":{"supplementaries:bomb_spiky":15,"minecraft:firework_rocket":1,"minecraft:flint_and_steel":2,"minecraft:grass_block":5,"minecraft:bread":1,"carryon:entity_item":5,"quark:red_blossom_leaves":4,"silentgear:elytra":1,"minecraft:wooden_sword":5,"dtbop:mahogany_seed":8,"supplementaries:bomb":9,"immersive_aircraft:gyrodyne":1,"immersive_aircraft:biplane":4},"minecraft:dropped":{"dtbop:mahogany_seed":1,"minecraft:shield":1,"modernlife:chainsaw":2,"untamedwilds:flora_bush_temperate":1,"modernlife:gun_magazine":1,"minecraft:leather_boots":1,"immersiveengineering:empty_casing":8,"minecraft:beef":7,"immersiveengineering:revolver":1,"silentgear:elytra":1,"modernlife:handgun":1,"modernlife:bullet_strip":1,"pamhc2trees:dateitem":1,"minecraft:bone":6,"immersiveengineering:armor_piercing":48}},"DataVersion":2975}