{"stats":{"minecraft:picked_up":{"untamedwilds:food_turtle_raw":1,"immersiveengineering:seed":1,"untamedwilds:flora_bush_temperate":1,"dtbop:mahogany_seed":1,"immersive_aircraft:gyrodyne":2,"pamhc2trees:dateitem":1},"minecraft:custom":{"minecraft:time_since_rest":32055,"minecraft:waystone_activated":1,"minecraft:crouch_one_cm":3613,"minecraft:play_time":32055,"minecraft:interact_with_furnace":1,"minecraft:sprint_one_cm":46967,"minecraft:walk_one_cm":55528,"minecraft:sneak_time":965,"minecraft:walk_under_water_one_cm":4388,"minecraft:mob_kills":1,"minecraft:drop":3,"minecraft:jump":438,"minecraft:damage_dealt":135,"minecraft:leave_game":1,"minecraft:time_since_death":32055,"minecraft:walk_on_water_one_cm":1841,"minecraft:climb_one_cm":1076,"minecraft:interact_with_smoker":1,"minecraft:total_world_time":32055,"minecraft:fall_one_cm":1045,"minecraft:fly_one_cm":716220},"minecraft:killed":{"untamedwilds:tortoise":1},"minecraft:mined":{"minecraft:grass":3,"biomesoplenty:clover":6,"pamhc2crops:windygarden":1},"minecraft:used":{"supplementaries:bomb_spiky":2,"quark:red_blossom_leaves":4,"silentgear:elytra":1,"minecraft:wooden_sword":5,"minecraft:firework_rocket":1,"dtbop:mahogany_seed":8,"supplementaries:bomb":9,"minecraft:grass_block":1,"minecraft:bread":1,"immersive_aircraft:gyrodyne":1,"carryon:entity_item":1},"minecraft:dropped":{"untamedwilds:flora_bush_temperate":1,"pamhc2trees:dateitem":1,"dtbop:mahogany_seed":1}},"DataVersion":2975}