{"stats":{"minecraft:picked_up":{"biomesoplenty:redwood_log":221,"minecraft:cooked_beef":2,"minecraft:azure_bluet":1,"immersiveengineering:empty_casing":8,"modernlife:bullet_strip":1,"minecraft:leather":1,"untamedwilds:flora_canola":2,"immersive_aircraft:gyrodyne":2,"minecraft:lantern":2,"tombstone:gift":1,"immersive_aircraft:biplane":4,"untamedwilds:food_turtle_raw":1,"pamhc2trees:plumitem":1,"minecraft:bone":6,"minecraft:wheat_seeds":3,"minecraft:beef":17,"immersive_aircraft:airship":2,"minecraft:oak_planks":81,"pamhc2trees:dateitem":1,"minecraft:stick":30,"untamedwilds:flora_bush_temperate":2,"dtbop:redwood_seed":1,"minecraft:porkchop":2,"minecraft:ink_sac":1,"modernlife:chainsaw":1,"dtbop:mahogany_seed":1,"immersiveengineering:revolver":2,"immersiveengineering:seed":1,"immersiveengineering:armor_piercing":112,"modernlife:gun_magazine":1},"minecraft:custom":{"minecraft:interact_with_furnace":1,"minecraft:mob_kills":18,"minecraft:leave_game":1,"minecraft:time_since_death":19529,"minecraft:climb_one_cm":2072,"minecraft:time_since_rest":19560,"minecraft:waystone_activated":1,"minecraft:sprint_one_cm":150940,"minecraft:walk_one_cm":367804,"minecraft:damage_taken":270,"minecraft:drop":17,"minecraft:damage_dealt":265,"minecraft:fly_one_cm":1903840,"minecraft:player_kills":1,"minecraft:crouch_one_cm":17514,"minecraft:play_time":102343,"minecraft:deaths":1,"minecraft:sneak_time":3967,"minecraft:walk_under_water_one_cm":4388,"minecraft:jump":987,"minecraft:walk_on_water_one_cm":1886,"minecraft:total_world_time":102343,"minecraft:interact_with_smoker":1,"minecraft:fall_one_cm":3959,"minecraft:horse_one_cm":557},"minecraft:killed":{"minecraft:pig":2,"minecraft:spider":1,"untamedwilds:tortoise":1,"untamedwilds:bison":2,"untamedwilds:snake":3,"minecraft:cow":8},"minecraft:mined":{"pamhc2crops:windygarden":1,"minecraft:grass":3,"biomesoplenty:clover":6},"minecraft:used":{"quark:blue_framed_glass_pane":5,"quark:orange_framed_glass_pane":5,"minecraft:netherite_sword":4,"minecraft:flint_and_steel":2,"quark:white_framed_glass_pane":2,"quark:yellow_framed_glass_pane":7,"quark:framed_glass_pane":10,"quark:green_framed_glass_pane":1,"a_man_with_plushies:crewmate_plush":95,"minecraft:horse_spawn_egg":1,"minecraft:deepslate_bricks":28,"quark:red_blossom_leaves":4,"minecraft:stick":50,"supplementaries:bomb":9,"dtbop:mahogany_seed":8,"fantasyfurniture:venthyr/cushion":2,"minecraft:deepslate_brick_stairs":109,"supplementaries:bomb_spiky":15,"minecraft:stone_brick_slab":10,"minecraft:dark_oak_planks":226,"minecraft:firework_rocket":1,"minecraft:dark_oak_log":106,"minecraft:grass_block":8,"minecraft:bread":1,"carryon:entity_item":6,"mcwdoors:dark_oak_barn_door":2,"mcwlights:glowstone_slab":4,"minecraft:stone_bricks":536,"fantasyfurniture:dunmer/chandelier":9,"fantasyfurniture:bone/skeleton/dresser":2,"quark:cyan_framed_glass_pane":1,"silentgear:elytra":1,"minecraft:wooden_sword":5,"fantasyfurniture:bone/wither/dresser":1,"minecraft:cobblestone":2,"fantasyfurniture:venthyr/sofa":3,"minecraft:dark_oak_fence":40,"immersive_aircraft:gyrodyne":1,"dynamictrees:oak_branch":17,"fantasyfurniture:venthyr/chair":2,"quark:magenta_framed_glass_pane":5,"immersive_aircraft:biplane":4,"rechiseled:glowstone_smooth_connecting":3},"minecraft:dropped":{"dtbop:mahogany_seed":1,"modernlife:chainsaw":2,"untamedwilds:flora_bush_temperate":1,"immersiveengineering:empty_casing":8,"modernlife:handgun":1,"pamhc2trees:dateitem":1,"immersiveengineering:armor_piercing":48,"minecraft:shield":1,"modernlife:gun_magazine":1,"minecraft:leather_boots":1,"minecraft:beef":7,"immersiveengineering:revolver":1,"silentgear:elytra":1,"modernlife:bullet_strip":1,"minecraft:bone":6}},"DataVersion":2975}