{"stats":{"minecraft:picked_up":{"immersive_aircraft:biplane":2,"minecraft:stick":20,"minecraft:leather_boots":1,"dtphc2:maple_seed":1,"dynamictrees:spruce_seed":1,"pamhc2crops:alfalfaitem":1,"silentgear:elytra":1,"minecraft:shield":1,"minecraft:bread":1,"minecraft:spruce_log":8,"minecraft:lantern":3},"minecraft:custom":{"minecraft:time_since_rest":69269,"minecraft:crouch_one_cm":930,"minecraft:sprint_one_cm":106370,"minecraft:play_time":69269,"minecraft:walk_one_cm":132964,"minecraft:sneak_time":1081,"minecraft:walk_under_water_one_cm":23360,"minecraft:mob_kills":1,"minecraft:drop":3,"minecraft:aviate_one_cm":125098,"minecraft:jump":345,"minecraft:leave_game":1,"minecraft:walk_on_water_one_cm":2371,"minecraft:time_since_death":69269,"minecraft:climb_one_cm":142,"minecraft:total_world_time":69269,"minecraft:fly_one_cm":1300009},"minecraft:killed":{"untamedwilds:tortoise":1},"minecraft:used":{"immersive_aircraft:quadrocopter":1,"minecraft:oak_leaves":6,"minecraft:firework_rocket":13,"minecraft:grass_block":18,"biomesoplenty:rose_quartz_block":2,"immersive_aircraft:biplane":3,"immersive_aircraft:gyrodyne":1,"carryon:entity_item":2,"magistuarmory:longbow":3},"minecraft:dropped":{"minecraft:lantern":1,"pamhc2crops:alfalfaitem":1,"minecraft:grass_block":1}},"DataVersion":2975}