{"stats":{"minecraft:picked_up":{"biomesoplenty:redwood_log":221,"minecraft:stick":33,"immersiveengineering:empty_casing":8,"modernlife:bullet_strip":1,"minecraft:leather":11,"dynamictrees:spruce_seed":1,"untamedwilds:flora_bush_temperate":1,"dtbop:redwood_seed":1,"untamedwilds:flora_canola":1,"minecraft:porkchop":1,"pamhc2crops:alfalfaitem":1,"modernlife:light_bulb":1,"modernlife:chainsaw":2,"minecraft:spruce_log":8,"minecraft:shield":1,"modernlife:handgun":1,"immersiveengineering:revolver":1,"silentgear:sinew":2,"minecraft:string":1,"minecraft:lantern":4,"immersive_aircraft:biplane":2,"pamhc2trees:plumitem":1,"minecraft:leather_boots":1,"minecraft:bone":6,"dtphc2:maple_seed":1,"immersiveengineering:seed":1,"minecraft:beef":10,"immersive_aircraft:airship":1,"immersive_aircraft:quadrocopter":1,"silentgear:elytra":1,"minecraft:bread":1,"immersiveengineering:armor_piercing":48,"modernlife:gun_magazine":1,"minecraft:oak_planks":5},"minecraft:custom":{"minecraft:time_since_rest":16093,"minecraft:sprint_one_cm":156556,"minecraft:damage_taken":164,"minecraft:walk_one_cm":199339,"minecraft:mob_kills":2,"minecraft:drop":8,"minecraft:fly_one_cm":1473956,"minecraft:crouch_one_cm":998,"minecraft:play_time":93269,"minecraft:deaths":1,"minecraft:sneak_time":1239,"minecraft:walk_under_water_one_cm":23360,"minecraft:aviate_one_cm":125098,"minecraft:jump":543,"minecraft:leave_game":1,"minecraft:time_since_death":16007,"minecraft:walk_on_water_one_cm":2371,"minecraft:total_world_time":93269,"minecraft:climb_one_cm":142,"minecraft:fall_one_cm":749},"minecraft:killed":{"untamedwilds:tortoise":1,"minecraft:cow":1},"minecraft:killed_by":{"minecraft:player":1},"minecraft:used":{"minecraft:firework_rocket":13,"minecraft:grass_block":34,"immersive_aircraft:airship":1,"minecraft:oak_planks":41,"carryon:entity_item":2,"modernlife:light_switch":3,"minecraft:stone":15,"a_man_with_plushies:crewmate_plush":1,"modernlife:microwave":1,"minecraft:stick":8,"minecraft:oak_leaves":6,"immersive_aircraft:quadrocopter":1,"modernlife:light_bulb":3,"biomesoplenty:rose_quartz_block":2,"immersive_aircraft:gyrodyne":1,"immersive_aircraft:biplane":3,"magistuarmory:longbow":3},"minecraft:dropped":{"pamhc2crops:alfalfaitem":1,"modernlife:gun_magazine":1,"minecraft:lantern":1,"immersiveengineering:revolver":1,"minecraft:string":1,"modernlife:bullet_strip":1,"minecraft:grass_block":1,"immersiveengineering:armor_piercing":64}},"DataVersion":2975}