{"stats":{"minecraft:picked_up":{"biomesoplenty:redwood_log":221,"minecraft:stick":32,"minecraft:leather":11,"dynamictrees:spruce_seed":1,"untamedwilds:flora_bush_temperate":1,"dtbop:redwood_seed":1,"untamedwilds:flora_canola":1,"minecraft:porkchop":1,"pamhc2crops:alfalfaitem":1,"modernlife:chainsaw":2,"minecraft:spruce_log":8,"minecraft:shield":1,"immersiveengineering:revolver":1,"silentgear:sinew":2,"minecraft:lantern":4,"immersive_aircraft:biplane":2,"pamhc2trees:plumitem":1,"minecraft:leather_boots":1,"minecraft:bone":6,"dtphc2:maple_seed":1,"immersiveengineering:seed":1,"minecraft:beef":9,"immersive_aircraft:airship":1,"immersive_aircraft:quadrocopter":1,"silentgear:elytra":1,"minecraft:bread":1,"minecraft:oak_planks":5},"minecraft:custom":{"minecraft:time_since_rest":4093,"minecraft:sprint_one_cm":122575,"minecraft:damage_taken":164,"minecraft:walk_one_cm":166060,"minecraft:mob_kills":2,"minecraft:drop":7,"minecraft:fly_one_cm":1351120,"minecraft:crouch_one_cm":998,"minecraft:play_time":81269,"minecraft:deaths":1,"minecraft:sneak_time":1185,"minecraft:walk_under_water_one_cm":23360,"minecraft:aviate_one_cm":125098,"minecraft:jump":466,"minecraft:leave_game":1,"minecraft:time_since_death":4007,"minecraft:walk_on_water_one_cm":2371,"minecraft:total_world_time":81269,"minecraft:climb_one_cm":142,"minecraft:fall_one_cm":749},"minecraft:killed":{"untamedwilds:tortoise":1,"minecraft:cow":1},"minecraft:killed_by":{"minecraft:player":1},"minecraft:used":{"minecraft:firework_rocket":13,"minecraft:grass_block":33,"immersive_aircraft:airship":1,"minecraft:oak_planks":41,"carryon:entity_item":2,"minecraft:stone":12,"minecraft:oak_leaves":6,"immersive_aircraft:quadrocopter":1,"biomesoplenty:rose_quartz_block":2,"immersive_aircraft:gyrodyne":1,"immersive_aircraft:biplane":3,"magistuarmory:longbow":3},"minecraft:dropped":{"pamhc2crops:alfalfaitem":1,"modernlife:gun_magazine":1,"minecraft:lantern":1,"immersiveengineering:revolver":1,"modernlife:bullet_strip":1,"minecraft:grass_block":1,"immersiveengineering:armor_piercing":64}},"DataVersion":2975}