{"stats":{"minecraft:picked_up":{"minecraft:stick":12,"pamhc2crops:alfalfaitem":1,"minecraft:bread":1,"minecraft:spruce_log":5},"minecraft:custom":{"minecraft:time_since_rest":57269,"minecraft:crouch_one_cm":729,"minecraft:sprint_one_cm":80335,"minecraft:play_time":57269,"minecraft:walk_one_cm":106937,"minecraft:sneak_time":847,"minecraft:walk_under_water_one_cm":23360,"minecraft:mob_kills":1,"minecraft:drop":2,"minecraft:aviate_one_cm":125098,"minecraft:jump":264,"minecraft:leave_game":1,"minecraft:walk_on_water_one_cm":2371,"minecraft:time_since_death":57269,"minecraft:climb_one_cm":142,"minecraft:total_world_time":57269,"minecraft:fly_one_cm":1057880},"minecraft:killed":{"untamedwilds:tortoise":1},"minecraft:used":{"minecraft:oak_leaves":6,"minecraft:firework_rocket":13,"minecraft:grass_block":1,"biomesoplenty:rose_quartz_block":2,"immersive_aircraft:gyrodyne":1,"magistuarmory:longbow":3},"minecraft:dropped":{"pamhc2crops:alfalfaitem":1,"minecraft:grass_block":1}},"DataVersion":2975}