{"stats":{"minecraft:picked_up":{"biomesoplenty:redwood_log":221,"immersiveengineering:empty_casing":8,"modernlife:bullet_strip":1,"minecraft:leather":11,"dynamictrees:spruce_seed":1,"untamedwilds:flora_canola":1,"minecraft:shield":1,"minecraft:gunpowder":2,"silentgear:sinew":2,"modernlife:handgun":1,"minecraft:string":1,"minecraft:lantern":4,"immersive_aircraft:biplane":2,"minecraft:leather_boots":1,"pamhc2trees:plumitem":1,"minecraft:bone":7,"minecraft:beef":10,"silentgear:elytra":1,"immersive_aircraft:airship":1,"minecraft:oak_planks":5,"minecraft:stick":38,"minecraft:stone":2,"untamedwilds:flora_bush_temperate":1,"dtbop:redwood_seed":1,"minecraft:porkchop":1,"pamhc2crops:alfalfaitem":1,"modernlife:chainsaw":2,"modernlife:light_bulb":1,"minecraft:spruce_log":11,"immersiveengineering:revolver":1,"minecraft:arrow":2,"dtphc2:maple_seed":1,"minecraft:rotten_flesh":2,"immersiveengineering:seed":1,"immersive_aircraft:quadrocopter":1,"minecraft:bread":1,"immersiveengineering:armor_piercing":48,"modernlife:gun_magazine":1},"minecraft:custom":{"minecraft:mob_kills":2,"minecraft:leave_game":1,"minecraft:time_since_death":76007,"minecraft:climb_one_cm":142,"minecraft:time_since_rest":76093,"minecraft:sprint_one_cm":224138,"minecraft:damage_taken":164,"minecraft:walk_one_cm":463902,"minecraft:drop":8,"minecraft:damage_dealt":9,"minecraft:fly_one_cm":1878721,"minecraft:crouch_one_cm":1037,"minecraft:play_time":153269,"minecraft:deaths":1,"minecraft:sneak_time":1869,"minecraft:walk_under_water_one_cm":23360,"minecraft:aviate_one_cm":125098,"minecraft:jump":847,"minecraft:walk_on_water_one_cm":2371,"minecraft:total_world_time":153269,"minecraft:fall_one_cm":749},"minecraft:killed":{"untamedwilds:tortoise":1,"minecraft:cow":1},"minecraft:killed_by":{"minecraft:player":1},"minecraft:used":{"rechiseled:oak_planks_beams":7,"rechiseled:andesite_bricks":420,"framedblocks:framed_slab":192,"framedblocks:framed_slope":3,"immersive_aircraft:airship":1,"minecraft:oak_planks":41,"framedblocks:framed_stairs":30,"minecraft:stone":121,"a_man_with_plushies:crewmate_plush":1,"biomesoplenty:huge_clover_petal":11,"modernlife:microwave":1,"rechiseled:oak_planks_brick_paving":103,"immersive_aircraft:quadrocopter":1,"minecraft:oak_leaves":6,"minecraft:stick":8,"mcwwindows:spruce_plank_window":35,"mcwwindows:blackstone_window":6,"magistuarmory:longbow":3,"minecraft:spruce_log":476,"a_man_with_plushies:peashooter_plush":1,"minecraft:firework_rocket":13,"minecraft:grass_block":86,"carryon:entity_item":2,"modernlife:light_switch":3,"minecraft:stone_bricks":62,"modernlife:light_bulb":3,"biomesoplenty:rose_quartz_block":2,"immersive_aircraft:gyrodyne":1,"torchmaster:megatorch":6,"immersive_aircraft:biplane":3,"mcwwindows:black_curtain":23},"minecraft:dropped":{"pamhc2crops:alfalfaitem":1,"minecraft:lantern":1,"minecraft:grass_block":1,"immersiveengineering:armor_piercing":64,"modernlife:gun_magazine":1,"immersiveengineering:revolver":1,"minecraft:string":1,"modernlife:bullet_strip":1}},"DataVersion":2975}