{"stats":{"minecraft:dropped":{"pamhc2crops:alfalfaitem":1,"minecraft:lantern":1,"minecraft:grass_block":1,"immersiveengineering:armor_piercing":64,"modernlife:gun_magazine":1,"minecraft:iron_pickaxe":1,"immersiveengineering:revolver":1,"minecraft:string":1,"modernlife:bullet_strip":1},"minecraft:picked_up":{"biomesoplenty:redwood_log":221,"immersiveengineering:empty_casing":8,"modernlife:bullet_strip":1,"minecraft:leather":11,"dynamictrees:spruce_seed":1,"untamedwilds:flora_canola":1,"minecraft:shield":1,"minecraft:gunpowder":2,"farmersdelight:cutting_board":1,"modernlife:handgun":1,"silentgear:sinew":2,"minecraft:string":1,"minecraft:lantern":4,"immersive_aircraft:biplane":2,"minecraft:leather_boots":1,"pamhc2trees:plumitem":1,"minecraft:bone":7,"fantasyfurniture:decorations/nordic_boiled_creme_treats":1,"modernlife:spruce_picnic_table":1,"minecraft:beef":10,"silentgear:elytra":1,"immersive_aircraft:airship":1,"minecraft:oak_planks":5,"modernlife:hot_water_heater":1,"mcwdoors:dark_oak_waffle_door":2,"minecraft:stick":38,"minecraft:stone":2,"untamedwilds:flora_bush_temperate":1,"dtbop:redwood_seed":1,"minecraft:porkchop":1,"pamhc2crops:alfalfaitem":1,"modernlife:chainsaw":2,"modernlife:light_bulb":1,"minecraft:spruce_log":15,"immersiveengineering:revolver":1,"minecraft:rotten_flesh":2,"minecraft:arrow":2,"dtphc2:maple_seed":1,"immersiveengineering:seed":1,"quark:orange_blossom_sapling":1,"immersive_aircraft:quadrocopter":1,"minecraft:bread":1,"immersiveengineering:armor_piercing":48,"modernlife:gun_magazine":1},"minecraft:killed_by":{"minecraft:player":1},"minecraft:mined":{"minecraft:deepslate_diamond_ore":2},"minecraft:used":{"quark:sturdy_stone":13,"rechiseled:oak_planks_beams":7,"rechiseled:andesite_bricks":458,"minecraft:water_bucket":8,"supplementaries:candle_holder_red":6,"twilightforest:cracked_castle_brick":14,"framedblocks:framed_slope":6,"framedblocks:framed_slab":193,"framedblocks:framed_door":2,"immersive_aircraft:airship":1,"modernlife:old_tv":5,"minecraft:oak_planks":41,"fantasyfurniture:nordic/painting_wide":1,"framedblocks:framed_stairs":32,"modernlife:hot_water_heater":2,"mcwdoors:spruce_barn_door":4,"farmersdelight:stove":2,"modernlife:microwave":1,"mcwwindows:birch_louvered_shutter":5,"minecraft:stone":145,"quark:iron_ladder":3,"fantasyfurniture:nordic/wall_light":4,"fantasyfurniture:nordic/table_small":5,"fantasyfurniture:nordic/carpet":16,"a_man_with_plushies:crewmate_plush":1,"biomesoplenty:huge_clover_petal":11,"modernlife:shower_head":1,"quark:oak_post":4,"minecraft:stick":8,"minecraft:dark_oak_trapdoor":18,"rechiseled:oak_planks_brick_paving":104,"framedblocks:framed_wall":4,"immersive_aircraft:quadrocopter":1,"minecraft:oak_leaves":6,"fantasyfurniture:nordic/desk_right":1,"quark:lavender_blossom_hedge":8,"minecraft:mossy_cobblestone":9,"fantasyfurniture:nordic/bed_double":1,"minecraft:dirt":20,"fantasyfurniture:nordic/table_wide":6,"connectedglass:clear_glass":18,"modernlife:spruce_picnic_table":8,"mcwdoors:spruce_japanese_door":1,"fantasyfurniture:nordic/dresser":4,"fantasyfurniture:decorations/nordic_boiled_creme_treats":1,"minecraft:brick_slab":4,"mcwwindows:spruce_plank_window":44,"mcwwindows:blackstone_window":6,"biomesoplenty:origin_grass_block":3,"mcwdoors:dark_oak_barn_glass_door":2,"magistuarmory:longbow":3,"fantasyfurniture:dunmer/shelf":5,"minecraft:spruce_log":563,"mcwdoors:dark_oak_stable_door":4,"a_man_with_plushies:peashooter_plush":1,"modernlife:glass_jungle_coffee_table":6,"fantasyfurniture:dunmer/oven":1,"minecraft:diamond_pickaxe":1,"minecraft:dark_oak_planks":38,"supplementaries:quark/hanging_sign_blossom":1,"fantasyfurniture:decorations/venthyr_food_1":1,"mcwdoors:dark_oak_stable_head_door":2,"minecraft:firework_rocket":13,"fantasyfurniture:decorations/nordic_mead_bottles":14,"fantasyfurniture:dunmer/carpet":3,"fantasyfurniture:decorations/paper_stack":1,"fantasyfurniture:nordic/bookshelf":1,"minecraft:lantern":5,"minecraft:grass_block":96,"fantasyfurniture:nordic/chair":10,"minecraft:iron_pickaxe":1,"carryon:entity_item":2,"fantasyfurniture:nordic/drawer":3,"modernlife:light_switch":3,"framedblocks:framed_panel":4,"modernlife:bathtub":1,"minecraft:stone_bricks":62,"minecraft:deepslate_diamond_ore":3,"mcwdoors:dark_oak_waffle_door":2,"mcwdoors:spruce_western_door":4,"modernlife:black_sofa":6,"farmersdelight:cutting_board":3,"fantasyfurniture:nordic/bench":1,"fantasyfurniture:nordic/chandelier":4,"modernlife:toilet":3,"framedblocks:framed_iron_door":2,"fantasyfurniture:nordic/bed_single":1,"modernlife:spruce_deck":25,"mcwwindows:dark_oak_plank_window":4,"farmersdelight:spruce_cabinet":3,"minecraft:podzol":4,"modernlife:light_bulb":3,"biomesoplenty:rose_quartz_block":2,"farmersdelight:cooking_pot":1,"immersive_aircraft:gyrodyne":1,"rechiseled:dirt_blobs":2,"minecraft:infested_cobblestone":33,"torchmaster:megatorch":6,"fantasyfurniture:dunmer/wall_light":2,"immersive_aircraft:biplane":3,"modernlife:spruce_mini_stool":2,"framedblocks:framed_trapdoor":3,"modernlife:electrical_outlet":3,"minecraft:candle":4,"mcwwindows:black_curtain":42,"fantasyfurniture:decorations/book_stack":4,"quark:orange_blossom_sapling":1},"minecraft:custom":{"minecraft:mob_kills":2,"minecraft:leave_game":2,"minecraft:time_since_death":184932,"minecraft:sleep_in_bed":1,"minecraft:climb_one_cm":142,"minecraft:time_since_rest":36504,"minecraft:sprint_one_cm":318577,"minecraft:damage_taken":164,"minecraft:walk_one_cm":864485,"minecraft:drop":9,"minecraft:damage_dealt":9,"minecraft:fly_one_cm":2221541,"minecraft:crouch_one_cm":3598,"minecraft:play_time":262194,"minecraft:deaths":1,"minecraft:sneak_time":2773,"minecraft:walk_under_water_one_cm":25481,"minecraft:aviate_one_cm":125098,"minecraft:jump":1060,"minecraft:walk_on_water_one_cm":4387,"minecraft:total_world_time":262194,"minecraft:fall_one_cm":958},"minecraft:killed":{"untamedwilds:tortoise":1,"minecraft:cow":1}},"DataVersion":2975}