{"stats":{"minecraft:picked_up":{"minecraft:stick":11,"minecraft:leather":2,"minecraft:lead":2,"minecraft:porkchop":3,"minecraft:spruce_log":4,"minecraft:dirt":2,"minecraft:glass":1,"minecraft:stone_bricks":1,"immersiveengineering:seed":1,"minecraft:wheat_seeds":1,"untamedwilds:material_snake_skin":1,"minecraft:rose_bush":3,"modernlife:acacia_deck":2,"minecraft:sunflower":1},"minecraft:custom":{"minecraft:time_since_rest":170641,"minecraft:sprint_one_cm":136043,"minecraft:damage_taken":339,"minecraft:walk_one_cm":449546,"minecraft:mob_kills":10,"minecraft:drop":2,"minecraft:damage_dealt":200,"minecraft:talked_to_villager":1,"minecraft:interact_with_crafting_table":1,"minecraft:fly_one_cm":320373,"minecraft:crouch_one_cm":6095,"minecraft:play_time":170641,"tombstone:undead_killed":1,"minecraft:sneak_time":1279,"minecraft:jump":272,"minecraft:walk_on_water_one_cm":114,"minecraft:time_since_death":170641,"minecraft:climb_one_cm":576,"minecraft:total_world_time":170641,"minecraft:fall_one_cm":967},"minecraft:killed":{"minecraft:skeleton":1,"minecraft:trader_llama":2,"untamedwilds:newt":3,"creeperoverhaul:cave_creeper":1,"untamedwilds:snake":3},"minecraft:crafted":{"minecraft:dark_oak_planks":4},"minecraft:used":{"mcwroofs:deepslate_attic_roof":4,"farmersdelight:black_canvas_sign":1,"minecraft:nether_brick_fence":6,"minecraft:glass":5,"mcwdoors:garage_black_door":21,"minecraft:dark_oak_planks":306,"twilightforest:steeleaf_shovel":3,"mcwdoors:dark_oak_stable_head_door":3,"minecraft:lava_bucket":23,"rechiseled:stone_brick_paving":22,"mcwwindows:blackstone_pane_window":8,"minecraft:dark_oak_log":36,"supplementaries:blackstone_tile":16,"immersiveengineering:chute_iron":15,"minecraft:grass_block":30,"farmersdelight:gray_canvas_sign":1,"supplementaries:silver_door":2,"a_man_with_plushies:crewmate_plush":1,"immersiveengineering:alu_fence":13,"minecraft:stone_bricks":418,"minecraft:dirt":1,"fantasyfurniture:bone/wither/door_single":9,"supplementaries:bomb_blue":3,"modernlife:acacia_deck":9,"supplementaries:lead_door":1,"minecraft:wooden_sword":4,"connectedglass:clear_glass":17,"minecraft:crafting_table":1,"mcwwindows:dark_oak_plank_window":6,"twilightforest:sorting_door":7,"quark:iron_pillar":1,"twilightforest:time_door":4},"minecraft:dropped":{"minecraft:stone_bricks":1,"minecraft:glass":1}},"DataVersion":2975}