{"stats":{"minecraft:picked_up":{"minecraft:stick":11,"minecraft:stone_bricks":1,"minecraft:wheat_seeds":1,"minecraft:porkchop":3,"minecraft:rose_bush":2,"minecraft:spruce_log":4,"minecraft:glass":1},"minecraft:custom":{"minecraft:time_since_rest":110305,"minecraft:crouch_one_cm":524,"minecraft:play_time":110305,"minecraft:sprint_one_cm":53506,"minecraft:damage_taken":339,"tombstone:undead_killed":1,"minecraft:walk_one_cm":210264,"minecraft:sneak_time":91,"minecraft:mob_kills":2,"minecraft:drop":2,"minecraft:jump":127,"minecraft:damage_dealt":200,"minecraft:time_since_death":110305,"minecraft:walk_on_water_one_cm":114,"minecraft:total_world_time":110305,"minecraft:interact_with_crafting_table":1,"minecraft:fall_one_cm":967,"minecraft:fly_one_cm":146928},"minecraft:killed":{"creeperoverhaul:cave_creeper":1,"minecraft:skeleton":1},"minecraft:crafted":{"minecraft:dark_oak_planks":4},"minecraft:used":{"minecraft:stone_bricks":202,"supplementaries:bomb_blue":3,"minecraft:dark_oak_planks":174,"minecraft:wooden_sword":4,"connectedglass:clear_glass":3,"minecraft:dark_oak_log":36,"minecraft:crafting_table":1,"minecraft:grass_block":22,"minecraft:glass":5},"minecraft:dropped":{"minecraft:stone_bricks":1,"minecraft:glass":1}},"DataVersion":2975}