{"stats":{"minecraft:picked_up":{"minecraft:stick":11,"minecraft:wheat_seeds":1,"minecraft:porkchop":3,"minecraft:rose_bush":2,"minecraft:spruce_log":4},"minecraft:custom":{"minecraft:time_since_rest":74305,"minecraft:crouch_one_cm":403,"minecraft:play_time":74305,"minecraft:sprint_one_cm":30695,"minecraft:damage_taken":339,"tombstone:undead_killed":1,"minecraft:walk_one_cm":75488,"minecraft:sneak_time":54,"minecraft:mob_kills":1,"minecraft:jump":57,"minecraft:damage_dealt":200,"minecraft:time_since_death":74305,"minecraft:walk_on_water_one_cm":114,"minecraft:total_world_time":74305,"minecraft:interact_with_crafting_table":1,"minecraft:fall_one_cm":967,"minecraft:fly_one_cm":74739},"minecraft:killed":{"minecraft:skeleton":1},"minecraft:crafted":{"minecraft:dark_oak_planks":4},"minecraft:used":{"supplementaries:bomb_blue":1,"minecraft:wooden_sword":4,"minecraft:dark_oak_log":12,"minecraft:crafting_table":1,"minecraft:grass_block":19}},"DataVersion":2975}