{"stats":{"minecraft:picked_up":{"minecraft:stick":11,"minecraft:porkchop":3,"minecraft:spruce_log":4,"minecraft:glass":1,"minecraft:stone_bricks":1,"minecraft:wheat_seeds":1,"minecraft:rose_bush":2},"minecraft:custom":{"minecraft:time_since_rest":140305,"minecraft:sprint_one_cm":56520,"minecraft:damage_taken":339,"minecraft:walk_one_cm":298250,"minecraft:mob_kills":2,"minecraft:drop":2,"minecraft:damage_dealt":200,"minecraft:interact_with_crafting_table":1,"minecraft:fly_one_cm":159943,"minecraft:crouch_one_cm":1422,"minecraft:play_time":140305,"tombstone:undead_killed":1,"minecraft:sneak_time":200,"minecraft:jump":149,"minecraft:walk_on_water_one_cm":114,"minecraft:time_since_death":140305,"minecraft:total_world_time":140305,"minecraft:fall_one_cm":967},"minecraft:killed":{"minecraft:skeleton":1,"creeperoverhaul:cave_creeper":1},"minecraft:crafted":{"minecraft:dark_oak_planks":4},"minecraft:used":{"farmersdelight:black_canvas_sign":1,"minecraft:glass":5,"mcwdoors:garage_black_door":21,"minecraft:dark_oak_planks":243,"mcwdoors:dark_oak_stable_head_door":3,"rechiseled:stone_brick_paving":15,"minecraft:dark_oak_log":36,"supplementaries:blackstone_tile":16,"minecraft:grass_block":28,"farmersdelight:gray_canvas_sign":1,"supplementaries:silver_door":2,"minecraft:stone_bricks":265,"fantasyfurniture:bone/wither/door_single":9,"supplementaries:bomb_blue":3,"supplementaries:lead_door":1,"minecraft:wooden_sword":4,"connectedglass:clear_glass":17,"minecraft:crafting_table":1,"twilightforest:sorting_door":7,"twilightforest:time_door":4},"minecraft:dropped":{"minecraft:stone_bricks":1,"minecraft:glass":1}},"DataVersion":2975}