{"stats":{"minecraft:custom":{"minecraft:jump":35,"minecraft:time_since_rest":62305,"tombstone:undead_killed":1,"minecraft:damage_dealt":200,"minecraft:crouch_one_cm":250,"minecraft:walk_on_water_one_cm":114,"minecraft:sprint_one_cm":17133,"minecraft:play_time":62305,"minecraft:damage_taken":339,"minecraft:time_since_death":62305,"minecraft:walk_one_cm":13492,"minecraft:sneak_time":31,"minecraft:total_world_time":62305,"minecraft:mob_kills":1,"minecraft:fall_one_cm":967,"minecraft:fly_one_cm":40735},"minecraft:killed":{"minecraft:skeleton":1},"minecraft:used":{"minecraft:wooden_sword":4}},"DataVersion":2975}