{"stats":{"minecraft:picked_up":{"minecraft:stick":11,"minecraft:wheat_seeds":1,"minecraft:porkchop":3,"minecraft:rose_bush":2,"minecraft:spruce_log":4},"minecraft:custom":{"minecraft:time_since_rest":86305,"minecraft:crouch_one_cm":524,"minecraft:play_time":86305,"minecraft:sprint_one_cm":43235,"minecraft:damage_taken":339,"tombstone:undead_killed":1,"minecraft:walk_one_cm":163761,"minecraft:sneak_time":79,"minecraft:mob_kills":2,"minecraft:jump":118,"minecraft:damage_dealt":200,"minecraft:time_since_death":86305,"minecraft:walk_on_water_one_cm":114,"minecraft:total_world_time":86305,"minecraft:interact_with_crafting_table":1,"minecraft:fall_one_cm":967,"minecraft:fly_one_cm":111241},"minecraft:killed":{"creeperoverhaul:cave_creeper":1,"minecraft:skeleton":1},"minecraft:crafted":{"minecraft:dark_oak_planks":4},"minecraft:used":{"minecraft:stone_bricks":87,"supplementaries:bomb_blue":3,"minecraft:dark_oak_planks":102,"minecraft:wooden_sword":4,"minecraft:dark_oak_log":36,"minecraft:crafting_table":1,"minecraft:grass_block":22}},"DataVersion":2975}