{
  "minecraft:recipes/food/cooked_porkchop_from_campfire_cooking": {
    "criteria": {
      "has_porkchop": "2024-07-03 23:02:26 +0000"
    },
    "done": true
  },
  "minecraft:recipes/tools/wooden_axe": {
    "criteria": {
      "has_stick": "2024-07-03 22:57:36 +0000"
    },
    "done": true
  },
  "smallships:recipes/transportation/birch_drakkar": {
    "criteria": {
      "in_water": "2024-07-03 23:01:39 +0000"
    },
    "done": true
  },
  "mcwfences:recipes/deepslate": {
    "criteria": {
      "has_deepslate": "2024-07-03 22:56:53 +0000"
    },
    "done": true
  },
  "immersiveengineering:recipes/immersiveengineering/crafting/radiator": {
    "criteria": {
      "has_water_bucket": "2024-07-03 23:04:25 +0000"
    },
    "done": true
  },
  "aquaculture:recipes/aquaculture/note_hook": {
    "criteria": {
      "has_items": "2024-07-03 22:56:53 +0000"
    },
    "done": true
  },
  "aquaculture:recipes/misc/tin_can_to_iron_nugget_from_blasting": {
    "criteria": {
      "has_items": "2024-07-03 22:56:53 +0000"
    },
    "done": true
  },
  "smallships:recipes/transportation/jungle_drakkar": {
    "criteria": {
      "in_water": "2024-07-03 23:01:39 +0000"
    },
    "done": true
  },
  "smallships:recipes/transportation/acacia_cog": {
    "criteria": {
      "in_water": "2024-07-03 23:01:39 +0000"
    },
    "done": true
  },
  "dungeons_enhanced:root": {
    "criteria": {
      "entered_ruined_building": "2024-07-03 23:01:00 +0000"
    },
    "done": true
  },
  "aquaculture:recipes/food/cooked_frog_legs": {
    "criteria": {
      "has_items": "2024-07-03 22:56:53 +0000"
    },
    "done": true
  },
  "biomesoplenty:recipes/transportation/umbran_boat": {
    "criteria": {
      "in_water": "2024-07-03 23:01:39 +0000"
    },
    "done": true
  },
  "biomesoplenty:recipes/transportation/willow_boat": {
    "criteria": {
      "in_water": "2024-07-03 23:01:39 +0000"
    },
    "done": true
  },
  "biomesoplenty:recipes/transportation/palm_boat": {
    "criteria": {
      "in_water": "2024-07-03 23:01:39 +0000"
    },
    "done": true
  },
  "mcwbridges:recipes/spruce_bridge_pier": {
    "criteria": {
      "has_planks": "2024-07-03 23:00:21 +0000"
    },
    "done": true
  },
  "create:recipes/create.palettes/polished_cut_crimsite_wall_from_stone_types_crimsite_stonecutting": {
    "criteria": {
      "has_stone_types_crimsite": "2024-07-03 23:01:26 +0000"
    },
    "done": true
  },
  "mcwfences:recipes/sandstone": {
    "criteria": {
      "has_sand": "2024-07-03 22:56:53 +0000"
    },
    "done": true
  },
  "aquaculture:recipes/aquaculture/redstone_hook": {
    "criteria": {
      "has_items": "2024-07-03 22:56:53 +0000"
    },
    "done": true
  },
  "create:recipes/create.palettes/layered_crimsite_from_stone_types_crimsite_stonecutting": {
    "criteria": {
      "has_stone_types_crimsite": "2024-07-03 23:01:26 +0000"
    },
    "done": true
  },
  "minecraft:recipes/decorations/campfire": {
    "criteria": {
      "has_stick": "2024-07-03 22:57:36 +0000"
    },
    "done": true
  },
  "smallships:recipes/transportation/birch_cog": {
    "criteria": {
      "in_water": "2024-07-03 23:01:39 +0000"
    },
    "done": true
  },
  "biomesoplenty:recipes/transportation/redwood_boat": {
    "criteria": {
      "in_water": "2024-07-03 23:01:39 +0000"
    },
    "done": true
  },
  "create:recipes/create.palettes/small_crimsite_brick_stairs_from_stone_types_crimsite_stonecutting": {
    "criteria": {
      "has_stone_types_crimsite": "2024-07-03 23:01:26 +0000"
    },
    "done": true
  },
  "biomesoplenty:recipes/transportation/mahogany_boat": {
    "criteria": {
      "in_water": "2024-07-03 23:01:39 +0000"
    },
    "done": true
  },
  "minecraft:recipes/decorations/ladder": {
    "criteria": {
      "has_stick": "2024-07-03 22:57:36 +0000"
    },
    "done": true
  },
  "smallships:recipes/transportation/spruce_drakkar": {
    "criteria": {
      "in_water": "2024-07-03 23:01:39 +0000"
    },
    "done": true
  },
  "aquaculture:recipes/food/cooked_fish_fillet": {
    "criteria": {
      "has_items": "2024-07-03 22:56:53 +0000"
    },
    "done": true
  },
  "minecraft:recipes/decorations/chest": {
    "criteria": {
      "has_lots_of_items": "2024-07-03 23:02:34 +0000"
    },
    "done": true
  },
  "smallships:recipes/transportation/oak_cog": {
    "criteria": {
      "in_water": "2024-07-03 23:01:39 +0000"
    },
    "done": true
  },
  "minecraft:recipes/tools/wooden_shovel": {
    "criteria": {
      "has_stick": "2024-07-03 22:57:36 +0000"
    },
    "done": true
  },
  "aquaculture:recipes/tools/golden_fishing_rod": {
    "criteria": {
      "has_vanilla_rod": "2024-07-03 22:56:53 +0000"
    },
    "done": true
  },
  "immersiveengineering:recipes/decorations/crafting/torch": {
    "criteria": {
      "has_stick": "2024-07-03 22:57:36 +0000"
    },
    "done": true
  },
  "mcwfences:recipes/stone": {
    "criteria": {
      "has_stone": "2024-07-03 22:56:53 +0000"
    },
    "done": true
  },
  "aquaculture:recipes/food/cooked_fish_fillet_from_campfire": {
    "criteria": {
      "has_items": "2024-07-03 22:56:53 +0000"
    },
    "done": true
  },
  "minecraft:recipes/misc/white_dye": {
    "criteria": {
      "has_bone_meal": "2024-07-03 22:58:32 +0000"
    },
    "done": true
  },
  "biomesoplenty:recipes/transportation/dead_boat": {
    "criteria": {
      "in_water": "2024-07-03 23:01:39 +0000"
    },
    "done": true
  },
  "mcwfences:recipes/warped": {
    "criteria": {
      "has_warped": "2024-07-03 22:56:53 +0000"
    },
    "done": true
  },
  "minecraft:recipes/building_blocks/spruce_wood": {
    "criteria": {
      "has_log": "2024-07-03 23:00:21 +0000"
    },
    "done": true
  },
  "smallships:recipes/transportation/acacia_galley": {
    "criteria": {
      "in_water": "2024-07-03 23:01:39 +0000"
    },
    "done": true
  },
  "mcwdoors:recipes/spruce": {
    "criteria": {
      "has_wood": "2024-07-03 23:00:21 +0000"
    },
    "done": true
  },
  "mcwroofs:recipes/spruce": {
    "criteria": {
      "has_planks": "2024-07-03 23:00:21 +0000"
    },
    "done": true
  },
  "lootr:1chest": {
    "criteria": {
      "opened_chest": "2024-07-03 23:01:02 +0000"
    },
    "done": true
  },
  "aquaculture:recipes/aquaculture/gold_hook": {
    "criteria": {
      "has_items": "2024-07-03 22:56:53 +0000"
    },
    "done": true
  },
  "minecraft:recipes/transportation/spruce_boat": {
    "criteria": {
      "in_water": "2024-07-03 23:01:39 +0000"
    },
    "done": true
  },
  "aquaculture:recipes/tools/wooden_fillet_knife": {
    "criteria": {
      "has_items": "2024-07-03 22:57:36 +0000"
    },
    "done": true
  },
  "minecraft:recipes/combat/wooden_sword": {
    "criteria": {
      "has_stick": "2024-07-03 22:57:36 +0000"
    },
    "done": true
  },
  "minecraft:recipes/decorations/yellow_glazed_terracotta": {
    "criteria": {
      "has_yellow_terracotta": "2024-07-03 23:12:15 +0000"
    },
    "done": true
  },
  "mcwfences:recipes/jungle": {
    "criteria": {
      "has_jungle": "2024-07-03 22:56:53 +0000"
    },
    "done": true
  },
  "tombstone:adventure/root": {
    "criteria": {
      "auto": "2024-07-03 22:56:52 +0000"
    },
    "done": true
  },
  "create:recipes/create.palettes/polished_cut_crimsite_slab_from_stone_types_crimsite_stonecutting": {
    "criteria": {
      "has_stone_types_crimsite": "2024-07-03 23:01:26 +0000"
    },
    "done": true
  },
  "create:recipes/create.palettes/small_crimsite_brick_wall_from_stone_types_crimsite_stonecutting": {
    "criteria": {
      "has_stone_types_crimsite": "2024-07-03 23:01:26 +0000"
    },
    "done": true
  },
  "aquaculture:recipes/food/cooked_frog_legs_from_smoking": {
    "criteria": {
      "has_items": "2024-07-03 22:56:53 +0000"
    },
    "done": true
  },
  "mcwfences:recipes/spruce": {
    "criteria": {
      "has_spruce": "2024-07-03 22:56:53 +0000"
    },
    "done": true
  },
  "mcwfences:recipes/oak": {
    "criteria": {
      "has_oak": "2024-07-03 22:56:53 +0000"
    },
    "done": true
  },
  "mcwfences:recipes/hedge": {
    "criteria": {
      "has_birch": "2024-07-03 22:56:53 +0000"
    },
    "done": true
  },
  "create:recipes/create.palettes/cut_crimsite_brick_wall_from_stone_types_crimsite_stonecutting": {
    "criteria": {
      "has_stone_types_crimsite": "2024-07-03 23:01:26 +0000"
    },
    "done": true
  },
  "mcwfences:recipes/end": {
    "criteria": {
      "has_end_brick": "2024-07-03 22:56:53 +0000"
    },
    "done": true
  },
  "mcwfences:recipes/birch": {
    "criteria": {
      "has_birch": "2024-07-03 22:56:53 +0000"
    },
    "done": true
  },
  "minecraft:recipes/tools/wooden_hoe": {
    "criteria": {
      "has_stick": "2024-07-03 22:57:36 +0000"
    },
    "done": true
  },
  "aquaculture:recipes/misc/neptunium_ingot_from_nuggets": {
    "criteria": {
      "has_items": "2024-07-03 22:56:53 +0000"
    },
    "done": true
  },
  "smallships:recipes/transportation/jungle_galley": {
    "criteria": {
      "in_water": "2024-07-03 23:01:39 +0000"
    },
    "done": true
  },
  "create:recipes/create.palettes/cut_crimsite_stairs_from_stone_types_crimsite_stonecutting": {
    "criteria": {
      "has_stone_types_crimsite": "2024-07-03 23:01:26 +0000"
    },
    "done": true
  },
  "mcwwindows:recipes/birch": {
    "criteria": {
      "has_wood": "2024-07-03 23:00:23 +0000"
    },
    "done": true
  },
  "aquaculture:recipes/aquaculture/diamond_hook": {
    "criteria": {
      "has_items": "2024-07-03 22:56:53 +0000"
    },
    "done": true
  },
  "parcool:grant_parcool_guide": {
    "criteria": {
      "tick": "2024-07-03 22:56:53 +0000"
    },
    "done": true
  },
  "create:recipes/create.palettes/cut_crimsite_brick_stairs_from_stone_types_crimsite_stonecutting": {
    "criteria": {
      "has_stone_types_crimsite": "2024-07-03 23:01:26 +0000"
    },
    "done": true
  },
  "smallships:recipes/transportation/acacia_brigg": {
    "criteria": {
      "in_water": "2024-07-03 23:01:39 +0000"
    },
    "done": true
  },
  "minecraft:recipes/building_blocks/birch_planks": {
    "criteria": {
      "has_logs": "2024-07-03 23:00:23 +0000"
    },
    "done": true
  },
  "aquaculture:recipes/food/cooked_frog_legs_from_campfire": {
    "criteria": {
      "has_items": "2024-07-03 22:56:53 +0000"
    },
    "done": true
  },
  "biomesoplenty:biomesoplenty/root": {
    "criteria": {
      "field": "2024-07-03 23:02:27 +0000"
    },
    "done": true
  },
  "biomesoplenty:recipes/transportation/magic_boat": {
    "criteria": {
      "in_water": "2024-07-03 23:01:39 +0000"
    },
    "done": true
  },
  "immersiveengineering:main/place_windmill": {
    "criteria": {
      "place_block": "2024-07-03 23:03:55 +0000"
    },
    "done": true
  },
  "aquaculture:recipes/food/frog_legs": {
    "criteria": {
      "has_items": "2024-07-03 22:56:53 +0000"
    },
    "done": true
  },
  "aquaculture:recipes/misc/gold_nugget_from_gold_fish": {
    "criteria": {
      "has_items": "2024-07-03 22:56:53 +0000"
    },
    "done": true
  },
  "aquaculture:recipes/misc/tin_can_to_iron_nugget": {
    "criteria": {
      "has_items": "2024-07-03 22:56:53 +0000"
    },
    "done": true
  },
  "smallships:recipes/transportation/dark_oak_galley": {
    "criteria": {
      "in_water": "2024-07-03 23:01:39 +0000"
    },
    "done": true
  },
  "aquaculture:recipes/misc/gold_nugget_from_smelting": {
    "criteria": {
      "has_fishing_rod": "2024-07-03 22:56:53 +0000",
      "has_fillet_knife": "2024-07-03 22:56:53 +0000"
    },
    "done": true
  },
  "minecraft:recipes/combat/crossbow": {
    "criteria": {
      "has_stick": "2024-07-03 22:57:36 +0000"
    },
    "done": true
  },
  "create:recipes/create.palettes/small_crimsite_brick_slab_from_stone_types_crimsite_stonecutting": {
    "criteria": {
      "has_stone_types_crimsite": "2024-07-03 23:01:26 +0000"
    },
    "done": true
  },
  "create:recipes/create.palettes/polished_cut_crimsite_from_stone_types_crimsite_stonecutting": {
    "criteria": {
      "has_stone_types_crimsite": "2024-07-03 23:01:26 +0000"
    },
    "done": true
  },
  "aquaculture:recipes/aquaculture/worm_farm": {
    "criteria": {
      "has_items": "2024-07-03 22:56:53 +0000"
    },
    "done": true
  },
  "biomesoplenty:recipes/transportation/cherry_boat": {
    "criteria": {
      "in_water": "2024-07-03 23:01:39 +0000"
    },
    "done": true
  },
  "aquaculture:recipes/food/cooked_fish_fillet_from_smoking": {
    "criteria": {
      "has_items": "2024-07-03 22:56:53 +0000"
    },
    "done": true
  },
  "smallships:recipes/transportation/jungle_cog": {
    "criteria": {
      "in_water": "2024-07-03 23:01:39 +0000"
    },
    "done": true
  },
  "minecraft:recipes/food/cooked_porkchop_from_smoking": {
    "criteria": {
      "has_porkchop": "2024-07-03 23:02:26 +0000"
    },
    "done": true
  },
  "dungeons_enhanced:ambitious_explorer": {
    "criteria": {
      "entered_druid_circle": "2024-07-03 23:01:53 +0000",
      "entered_ruined_building": "2024-07-03 23:01:00 +0000"
    },
    "done": false
  },
  "create:recipes/create.base/crafting/appliances/tree_fertilizer": {
    "criteria": {
      "has_item": "2024-07-03 22:58:32 +0000"
    },
    "done": true
  },
  "incendium:technical/using/shield": {
    "criteria": {
      "log_spam_fixer": "2024-07-03 22:56:52 +0000"
    },
    "done": false
  },
  "biomesoplenty:recipes/transportation/fir_boat": {
    "criteria": {
      "in_water": "2024-07-03 23:01:39 +0000"
    },
    "done": true
  },
  "farmersdelight:recipes/farmersdelight/cooking/noodle_soup": {
    "criteria": {
      "has_any_ingredient": "2024-07-03 23:02:26 +0000"
    },
    "done": true
  },
  "mcwroofs:recipes/birch": {
    "criteria": {
      "has_planks": "2024-07-03 23:00:23 +0000"
    },
    "done": true
  },
  "aquaculture:recipes/food/sushi": {
    "criteria": {
      "has_alt_items": "2024-07-03 22:56:53 +0000",
      "has_items": "2024-07-03 22:56:53 +0000"
    },
    "done": true
  },
  "incendium:technical/using/trailblazer": {
    "criteria": {
      "log_spam_fixer": "2024-07-03 22:56:52 +0000"
    },
    "done": false
  },
  "aquaculture:recipes/decorations/spruce_fish_mount": {
    "criteria": {
      "has_items": "2024-07-03 22:56:53 +0000"
    },
    "done": true
  },
  "lootr:root": {
    "criteria": {
      "always_true": "2024-07-03 22:56:53 +0000"
    },
    "done": true
  },
  "create:recipes/create.palettes/cut_crimsite_from_stone_types_crimsite_stonecutting": {
    "criteria": {
      "has_stone_types_crimsite": "2024-07-03 23:01:26 +0000"
    },
    "done": true
  },
  "aquaculture:recipes/misc/neptunium_ingot_from_neptunium_block": {
    "criteria": {
      "has_items": "2024-07-03 22:56:53 +0000"
    },
    "done": true
  },
  "smallships:recipes/transportation/oak_brigg": {
    "criteria": {
      "in_water": "2024-07-03 23:01:39 +0000"
    },
    "done": true
  },
  "incendium:technical/scroll_of_returning": {
    "criteria": {
      "log_spam_fixer": "2024-07-03 22:56:52 +0000"
    },
    "done": false
  },
  "create:recipes/create.palettes/crimsite_from_stone_types_crimsite_stonecutting": {
    "criteria": {
      "has_stone_types_crimsite": "2024-07-03 23:01:26 +0000"
    },
    "done": true
  },
  "smallships:recipes/transportation/birch_galley": {
    "criteria": {
      "in_water": "2024-07-03 23:01:39 +0000"
    },
    "done": true
  },
  "aquaculture:recipes/aquaculture/light_hook": {
    "criteria": {
      "has_items": "2024-07-03 22:56:53 +0000"
    },
    "done": true
  },
  "aquaculture:recipes/misc/iron_nugget_from_smelting": {
    "criteria": {
      "has_fishing_rod": "2024-07-03 22:56:53 +0000",
      "has_fillet_knife": "2024-07-03 22:56:53 +0000"
    },
    "done": true
  },
  "farmersdelight:recipes/farmersdelight/flint_knife": {
    "criteria": {
      "has_stick": "2024-07-03 22:57:36 +0000"
    },
    "done": true
  },
  "aquaculture:recipes/decorations/oak_fish_mount": {
    "criteria": {
      "has_items": "2024-07-03 22:56:53 +0000"
    },
    "done": true
  },
  "mcwfences:recipes/blackstone": {
    "criteria": {
      "has_blackstone": "2024-07-03 22:56:53 +0000"
    },
    "done": true
  },
  "create:recipes/create.palettes/cut_crimsite_bricks_from_stone_types_crimsite_stonecutting": {
    "criteria": {
      "has_stone_types_crimsite": "2024-07-03 23:01:26 +0000"
    },
    "done": true
  },
  "biomesoplenty:biomesoplenty/all_biomes": {
    "criteria": {
      "highland": "2024-07-03 23:03:08 +0000",
      "field": "2024-07-03 23:02:27 +0000",
      "snowy_maple_woods": "2024-07-03 23:17:44 +0000"
    },
    "done": false
  },
  "smallships:recipes/transportation/oak_drakkar": {
    "criteria": {
      "in_water": "2024-07-03 23:01:39 +0000"
    },
    "done": true
  },
  "biomesoplenty:recipes/transportation/hellbark_boat": {
    "criteria": {
      "in_water": "2024-07-03 23:01:39 +0000"
    },
    "done": true
  },
  "aquaculture:recipes/decorations/dark_oak_fish_mount": {
    "criteria": {
      "has_items": "2024-07-03 22:56:53 +0000"
    },
    "done": true
  },
  "minecraft:recipes/brewing/cauldron": {
    "criteria": {
      "has_water_bucket": "2024-07-03 23:04:25 +0000"
    },
    "done": true
  },
  "minecraft:adventure/adventuring_time": {
    "criteria": {
      "minecraft:river": "2024-07-03 23:03:01 +0000"
    },
    "done": false
  },
  "smallships:recipes/transportation/birch_brigg": {
    "criteria": {
      "in_water": "2024-07-03 23:01:39 +0000"
    },
    "done": true
  },
  "minecraft:recipes/misc/charcoal": {
    "criteria": {
      "has_log": "2024-07-03 23:00:21 +0000"
    },
    "done": true
  },
  "minecraft:recipes/building_blocks/spruce_planks": {
    "criteria": {
      "has_logs": "2024-07-03 23:00:21 +0000"
    },
    "done": true
  },
  "mcwbridges:recipes/birch_bridge_pier": {
    "criteria": {
      "has_planks": "2024-07-03 23:00:23 +0000"
    },
    "done": true
  },
  "minecraft:recipes/tools/wooden_pickaxe": {
    "criteria": {
      "has_stick": "2024-07-03 22:57:36 +0000"
    },
    "done": true
  },
  "incendium:technical/using/ragnarok": {
    "criteria": {
      "log_spam_fixer": "2024-07-03 22:56:52 +0000"
    },
    "done": false
  },
  "smallships:recipes/transportation/dark_oak_drakkar": {
    "criteria": {
      "in_water": "2024-07-03 23:01:39 +0000"
    },
    "done": true
  },
  "aquaculture:recipes/misc/jellyfish_to_slimeball": {
    "criteria": {
      "has_items": "2024-07-03 22:56:53 +0000"
    },
    "done": true
  },
  "mcwfences:recipes/nether": {
    "criteria": {
      "has_nether_brick": "2024-07-03 22:56:53 +0000"
    },
    "done": true
  },
  "minecraft:recipes/transportation/birch_boat": {
    "criteria": {
      "in_water": "2024-07-03 23:01:39 +0000"
    },
    "done": true
  },
  "incendium:technical/new_player": {
    "criteria": {
      "requirement": "2024-07-03 22:56:53 +0000"
    },
    "done": true
  },
  "minecraft:recipes/transportation/acacia_boat": {
    "criteria": {
      "in_water": "2024-07-03 23:01:39 +0000"
    },
    "done": true
  },
  "aquaculture:recipes/misc/red_mushroom_from_fish": {
    "criteria": {
      "has_items": "2024-07-03 22:56:53 +0000"
    },
    "done": true
  },
  "aquaculture:recipes/tools/diamond_fishing_rod": {
    "criteria": {
      "has_vanilla_rod": "2024-07-03 22:56:53 +0000"
    },
    "done": true
  },
  "mcwfences:recipes/crimson": {
    "criteria": {
      "has_crimson": "2024-07-03 22:56:53 +0000"
    },
    "done": true
  },
  "aquaculture:recipes/tools/iron_fishing_rod": {
    "criteria": {
      "has_vanilla_rod": "2024-07-03 22:56:53 +0000"
    },
    "done": true
  },
  "farmersdelight:recipes/farmersdelight/cutting_board": {
    "criteria": {
      "has_stick": "2024-07-03 22:57:36 +0000"
    },
    "done": true
  },
  "create:recipes/create.palettes/cut_crimsite_slab_from_stone_types_crimsite_stonecutting": {
    "criteria": {
      "has_stone_types_crimsite": "2024-07-03 23:01:26 +0000"
    },
    "done": true
  },
  "smallships:recipes/misc/sail": {
    "criteria": {
      "in_water": "2024-07-03 23:01:39 +0000"
    },
    "done": true
  },
  "mcwfences:recipes/prismarine": {
    "criteria": {
      "has_qq": "2024-07-03 22:56:53 +0000"
    },
    "done": true
  },
  "aquaculture:recipes/misc/bonemeal_from_fish_bones": {
    "criteria": {
      "has_items": "2024-07-03 22:56:53 +0000"
    },
    "done": true
  },
  "mcwfences:recipes/bamboo": {
    "criteria": {
      "has_bamboo": "2024-07-03 22:56:53 +0000"
    },
    "done": true
  },
  "minecraft:recipes/transportation/jungle_boat": {
    "criteria": {
      "in_water": "2024-07-03 23:01:39 +0000"
    },
    "done": true
  },
  "aquaculture:recipes/decorations/acacia_fish_mount": {
    "criteria": {
      "has_items": "2024-07-03 22:56:53 +0000"
    },
    "done": true
  },
  "create:recipes/create.palettes/small_crimsite_bricks_from_stone_types_crimsite_stonecutting": {
    "criteria": {
      "has_stone_types_crimsite": "2024-07-03 23:01:26 +0000"
    },
    "done": true
  },
  "create:recipes/create.palettes/polished_cut_crimsite_stairs_from_stone_types_crimsite_stonecutting": {
    "criteria": {
      "has_stone_types_crimsite": "2024-07-03 23:01:26 +0000"
    },
    "done": true
  },
  "aquaculture:recipes/misc/gold_nugget_from_blasting": {
    "criteria": {
      "has_fishing_rod": "2024-07-03 22:56:53 +0000",
      "has_fillet_knife": "2024-07-03 22:56:53 +0000"
    },
    "done": true
  },
  "create:recipes/create.palettes/cut_crimsite_brick_slab_from_stone_types_crimsite_stonecutting": {
    "criteria": {
      "has_stone_types_crimsite": "2024-07-03 23:01:26 +0000"
    },
    "done": true
  },
  "aquaculture:recipes/misc/brown_mushroom_from_fish": {
    "criteria": {
      "has_items": "2024-07-03 22:56:53 +0000"
    },
    "done": true
  },
  "mcwfences:recipes/acacia": {
    "criteria": {
      "has_acacia": "2024-07-03 22:56:53 +0000"
    },
    "done": true
  },
  "lootr:social": {
    "criteria": {
      "opened_chest": "2024-07-03 23:01:02 +0000"
    },
    "done": false
  },
  "farmersdelight:main/root": {
    "criteria": {
      "seeds": "2024-07-03 22:56:53 +0000"
    },
    "done": true
  },
  "aquaculture:recipes/aquaculture/heavy_hook": {
    "criteria": {
      "has_items": "2024-07-03 22:56:53 +0000"
    },
    "done": true
  },
  "aquaculture:recipes/aquaculture/iron_hook": {
    "criteria": {
      "has_items": "2024-07-03 22:56:53 +0000"
    },
    "done": true
  },
  "smallships:recipes/transportation/oak_galley": {
    "criteria": {
      "in_water": "2024-07-03 23:01:39 +0000"
    },
    "done": true
  },
  "minecraft:recipes/transportation/dark_oak_boat": {
    "criteria": {
      "in_water": "2024-07-03 23:01:39 +0000"
    },
    "done": true
  },
  "aquaculture:recipes/misc/iron_nugget_from_blasting": {
    "criteria": {
      "has_fishing_rod": "2024-07-03 22:56:53 +0000",
      "has_fillet_knife": "2024-07-03 22:56:53 +0000"
    },
    "done": true
  },
  "farmersdelight:recipes/farmersdelight/cooking/pumpkin_soup": {
    "criteria": {
      "has_any_ingredient": "2024-07-03 23:02:26 +0000"
    },
    "done": true
  },
  "mcwfences:recipes/quartz": {
    "criteria": {
      "has_qq": "2024-07-03 22:56:53 +0000"
    },
    "done": true
  },
  "aquaculture:recipes/building_blocks/planks_from_driftwood": {
    "criteria": {
      "has_items": "2024-07-03 22:56:53 +0000"
    },
    "done": true
  },
  "create:recipes/create.palettes/cut_crimsite_wall_from_stone_types_crimsite_stonecutting": {
    "criteria": {
      "has_stone_types_crimsite": "2024-07-03 23:01:26 +0000"
    },
    "done": true
  },
  "aquaculture:recipes/aquaculture/double_hook": {
    "criteria": {
      "has_items": "2024-07-03 22:56:53 +0000"
    },
    "done": true
  },
  "aquaculture:recipes/decorations/jungle_fish_mount": {
    "criteria": {
      "has_items": "2024-07-03 22:56:53 +0000"
    },
    "done": true
  },
  "minecraft:recipes/building_blocks/birch_wood": {
    "criteria": {
      "has_log": "2024-07-03 23:00:23 +0000"
    },
    "done": true
  },
  "mcwwindows:recipes/spruce": {
    "criteria": {
      "has_wood": "2024-07-03 23:00:21 +0000"
    },
    "done": true
  },
  "smallships:recipes/transportation/spruce_galley": {
    "criteria": {
      "in_water": "2024-07-03 23:01:39 +0000"
    },
    "done": true
  },
  "farmersdelight:recipes/farmersdelight/cooking/dog_food": {
    "criteria": {
      "has_any_ingredient": "2024-07-03 22:58:32 +0000"
    },
    "done": true
  },
  "smallships:recipes/transportation/acacia_drakkar": {
    "criteria": {
      "in_water": "2024-07-03 23:01:39 +0000"
    },
    "done": true
  },
  "smallships:recipes/transportation/spruce_brigg": {
    "criteria": {
      "in_water": "2024-07-03 23:01:39 +0000"
    },
    "done": true
  },
  "mcwfences:recipes/dark_oak": {
    "criteria": {
      "has_dark_oak": "2024-07-03 22:56:53 +0000"
    },
    "done": true
  },
  "biomesoplenty:recipes/transportation/jacaranda_boat": {
    "criteria": {
      "in_water": "2024-07-03 23:01:39 +0000"
    },
    "done": true
  },
  "smallships:recipes/transportation/jungle_brigg": {
    "criteria": {
      "in_water": "2024-07-03 23:01:39 +0000"
    },
    "done": true
  },
  "aquaculture:recipes/decorations/birch_fish_mount": {
    "criteria": {
      "has_items": "2024-07-03 22:56:53 +0000"
    },
    "done": true
  },
  "create:root": {
    "criteria": {
      "0": "2024-07-03 22:56:53 +0000"
    },
    "done": true
  },
  "smallships:recipes/transportation/dark_oak_brigg": {
    "criteria": {
      "in_water": "2024-07-03 23:01:39 +0000"
    },
    "done": true
  },
  "create:recipes/create.palettes/crimsite_pillar_from_stone_types_crimsite_stonecutting": {
    "criteria": {
      "has_stone_types_crimsite": "2024-07-03 23:01:26 +0000"
    },
    "done": true
  },
  "aquaculture:recipes/aquaculture/bobber": {
    "criteria": {
      "has_items": "2024-07-03 22:56:53 +0000"
    },
    "done": true
  },
  "mcwdoors:recipes/birch": {
    "criteria": {
      "has_wood": "2024-07-03 23:00:23 +0000"
    },
    "done": true
  },
  "smallships:recipes/transportation/dark_oak_cog": {
    "criteria": {
      "in_water": "2024-07-03 23:01:39 +0000"
    },
    "done": true
  },
  "aquaculture:recipes/aquaculture/fishing_line": {
    "criteria": {
      "has_items": "2024-07-03 22:56:53 +0000"
    },
    "done": true
  },
  "silentgear:recipes/silentgear/rough_rod": {
    "criteria": {
      "has_item": "2024-07-03 22:57:36 +0000"
    },
    "done": true
  },
  "minecraft:recipes/decorations/soul_campfire": {
    "criteria": {
      "has_stick": "2024-07-03 22:57:36 +0000"
    },
    "done": true
  },
  "minecraft:recipes/transportation/oak_boat": {
    "criteria": {
      "in_water": "2024-07-03 23:01:39 +0000"
    },
    "done": true
  },
  "aquaculture:recipes/misc/neptinium_ingot_from_blasting": {
    "criteria": {
      "has_leggings": "2024-07-03 22:56:53 +0000",
      "has_axe": "2024-07-03 22:56:53 +0000",
      "has_helmet": "2024-07-03 22:56:53 +0000",
      "has_fishing_rod": "2024-07-03 22:56:53 +0000",
      "has_bow": "2024-07-03 22:56:53 +0000",
      "has_chestplate": "2024-07-03 22:56:53 +0000",
      "has_sword": "2024-07-03 22:56:53 +0000",
      "has_fillet_knife": "2024-07-03 22:56:53 +0000",
      "has_shovel": "2024-07-03 22:56:53 +0000",
      "has_hoe": "2024-07-03 22:56:53 +0000",
      "has_boots": "2024-07-03 22:56:53 +0000",
      "has_pickaxe": "2024-07-03 22:56:53 +0000"
    },
    "done": true
  },
  "smallships:recipes/transportation/spruce_cog": {
    "criteria": {
      "in_water": "2024-07-03 23:01:39 +0000"
    },
    "done": true
  },
  "smallships:recipes/transportation/mangrove_drakkar": {
    "criteria": {
      "in_water": "2024-07-03 23:01:39 +0000"
    },
    "done": true
  },
  "minecraft:recipes/food/cooked_porkchop": {
    "criteria": {
      "has_porkchop": "2024-07-03 23:02:26 +0000"
    },
    "done": true
  },
  "immersiveengineering:recipes/immersiveengineering/crafting/firework": {
    "criteria": {
      "has_firework": "2024-07-03 23:15:08 +0000"
    },
    "done": true
  },
  "minecraft:recipes/building_blocks/bone_block": {
    "criteria": {
      "has_bone_meal": "2024-07-03 22:58:32 +0000"
    },
    "done": true
  },
  "DataVersion": 2975
}